,0
2012-06-14 00:00:00,0
2012-06-15 00:00:00,6.099998474
2012-06-16 00:00:00,16.8999939
2012-06-17 00:00:00,16.8999939
2012-06-18 00:00:00,49
2012-06-19 00:00:00,72.30000305
2012-06-20 00:00:00,82.3999939
2012-06-21 00:00:00,91.30000305
2012-06-22 00:00:00,102.5
2012-06-23 00:00:00,110.3999939
2012-06-24 00:00:00,113.2928919
2012-06-25 00:00:00,138.8999939
2012-06-26 00:00:00,138.8999939
2012-06-27 00:00:00,160.0999908
2012-06-28 00:00:00,160.0999908
2012-06-29 00:00:00,182.1999969
2012-06-30 00:00:00,188.5999908
2012-07-01 00:00:00,188.5999908
2012-07-02 00:00:00,206.4999847
2012-07-03 00:00:00,222.9999847
2012-07-04 00:00:00,238.5999908
2012-07-05 00:00:00,253.9999847
2012-07-06 00:00:00,264.2938919
2012-07-07 00:00:00,273.8986758
2012-07-08 00:00:00,284.9000092
2012-07-09 00:00:00,300.9999847
2012-07-10 00:00:00,301.8000031
2012-07-11 00:00:00,315.5999908
2012-07-12 00:00:00,323.6999969
2012-07-13 00:00:00,332.5999908
2012-07-14 00:00:00,353.5926575
2012-07-15 00:00:00,355.3000031
2012-07-16 00:00:00,355.8000031
2012-07-17 00:00:00,362.6999969
2012-07-18 00:00:00,369.1999969
2012-07-19 00:00:00,388.497765
2012-07-20 00:00:00,392.5999908
2012-07-21 00:00:00,393.1999969
2012-07-22 00:00:00,393.6999969
2012-07-23 00:00:00,400.4992072
2012-07-24 00:00:00,414.4999847
2012-07-25 00:00:00,428.4999847
2012-07-26 00:00:00,435.8992311
2012-07-27 00:00:00,443.0996879
2012-07-28 00:00:00,459.1000214
2012-07-29 00:00:00,467.4000092
2012-07-30 00:00:00,474.6999969
2012-07-31 00:00:00,481.7999725
2012-08-01 00:00:00,488.2999725
2012-08-02 00:00:00,503.1999969
2012-08-03 00:00:00,510.2999725
2012-08-04 00:00:00,517.4999847
2012-08-05 00:00:00,530.6999969
2012-08-06 00:00:00,538.4000092
2012-08-07 00:00:00,546.2999725
2012-08-08 00:00:00,547.1000214
2012-08-09 00:00:00,554.4999847
2012-08-10 00:00:00,555.2999725
2012-08-11 00:00:00,569.2999725
2012-08-12 00:00:00,577.7999725
2012-08-13 00:00:00,594.7999725
2012-08-14 00:00:00,603.1000214
2012-08-15 00:00:00,618.9000092
2012-08-16 00:00:00,634.4999847
2012-08-17 00:00:00,635.1999969
2012-08-18 00:00:00,642.799306
2012-08-19 00:00:00,658.2999725
2012-08-20 00:00:00,666.9999847
2012-08-21 00:00:00,674.5986879
2012-08-22 00:00:00,688.1975526
2012-08-23 00:00:00,696.8880224
2012-08-24 00:00:00,708.1999969
2012-08-25 00:00:00,723.6999969
2012-08-26 00:00:00,738.3928982
2012-08-27 00:00:00,738.6000214
2012-08-28 00:00:00,745.7999725
2012-08-29 00:00:00,752.1000214
2012-08-30 00:00:00,758.4999847
2012-08-31 00:00:00,758.7999725
2012-09-01 00:00:00,758.9999847
2012-09-02 00:00:00,759.1999969
2012-09-03 00:00:00,759.4999847
2012-09-04 00:00:00,759.6999969
2012-09-05 00:00:00,759.9999847
2012-09-06 00:00:00,760.1999969
2012-09-07 00:00:00,760.4999847
2012-09-08 00:00:00,764.4000092
2012-09-09 00:00:00,772.7999725
2012-09-10 00:00:00,786.2999725
2012-09-11 00:00:00,786.4999847
2012-09-12 00:00:00,796.4000092
2012-09-13 00:00:00,804.6000214
2012-09-14 00:00:00,808.6000214
2012-09-15 00:00:00,855.1000214
2012-09-16 00:00:00,885.5970209
2012-09-17 00:00:00,913.0960211
2012-09-18 00:00:00,934.8951201
2012-09-19 00:00:00,942.7999725
2012-09-20 00:00:00,950.3999481
2012-09-21 00:00:00,954.5000458
2012-09-22 00:00:00,970.8966149
2012-09-23 00:00:00,979.8989482
2012-09-24 00:00:00,1000.391059
2012-09-25 00:00:00,1030.600021
2012-09-26 00:00:00,1049.499935
2012-09-27 00:00:00,1063.799973
2012-09-28 00:00:00,1074.699997
2012-09-29 00:00:00,1090.100021
2012-09-30 00:00:00,1107.092244
2012-10-01 00:00:00,1128.699997
2012-10-02 00:00:00,1154.399948
2012-10-03 00:00:00,1182.096132
2012-10-04 00:00:00,1211.396397
2012-10-05 00:00:00,1241.199997
2012-10-06 00:00:00,1282.994601
2012-10-07 00:00:00,1330.397948
2012-10-08 00:00:00,1387.193997
2012-10-09 00:00:00,1445.795973
2012-10-10 00:00:00,1502.898615
2012-10-11 00:00:00,1559.193997
2012-10-12 00:00:00,1615.196664
2012-10-13 00:00:00,1670.998712
2012-10-14 00:00:00,1732.597354
2012-10-15 00:00:00,1802.699997
2012-10-16 00:00:00,1860.499379
2012-10-17 00:00:00,1921.699997
2012-10-18 00:00:00,1983.797428
2012-10-19 00:00:00,2048.599122
2012-10-20 00:00:00,2112.694553
2012-10-21 00:00:00,2174.800095
2012-10-22 00:00:00,2240.399948
2012-10-23 00:00:00,2306.398393
2012-10-24 00:00:00,2370.397282
2012-10-25 00:00:00,2436.599899
2012-10-26 00:00:00,2506.988379
2012-10-27 00:00:00,2573.598233
2012-10-28 00:00:00,2643.800095
2012-10-29 00:00:00,2706.392179
2012-10-30 00:00:00,2760.097566
2012-10-31 00:00:00,2820.199997
2012-11-01 00:00:00,2880.597233
2012-11-02 00:00:00,2937.500046
2012-11-03 00:00:00,2964.500046
2012-11-04 00:00:00,2964.500046
2012-11-05 00:00:00,3021.699997
2012-11-06 00:00:00,3106.096566
2012-11-07 00:00:00,3173.894948
2012-11-08 00:00:00,3224.996712
2012-11-09 00:00:00,3277.298428
2012-11-10 00:00:00,3330.099899
2012-11-11 00:00:00,3397.889948
2012-11-12 00:00:00,3508.000046
2012-11-13 00:00:00,3580.300095
2012-11-14 00:00:00,3691.488379
2012-11-15 00:00:00,3769.500046
2012-11-16 00:00:00,3835.990046
2012-11-17 00:00:00,3927.195331
2012-11-18 00:00:00,4006.384948
2012-11-19 00:00:00,4070.293428
2012-11-20 00:00:00,4116.895192
2012-11-21 00:00:00,4176.300095
2012-11-22 00:00:00,4238.999802
2012-11-23 00:00:00,4286.499802
2012-11-24 00:00:00,4331.999802
2012-11-25 00:00:00,4331.999802
2012-11-26 00:00:00,4362.493135
2012-11-27 00:00:00,4455.599899
2012-11-28 00:00:00,4489.800095
2012-11-29 00:00:00,4546.800095
2012-11-30 00:00:00,4602.099011
2012-12-01 00:00:00,4662.599899
2012-12-02 00:00:00,4701.199997
2012-12-03 00:00:00,4736.395192
2012-12-04 00:00:00,4791.097567
2012-12-05 00:00:00,4858.599899
2012-12-06 00:00:00,4923.098566
2012-12-07 00:00:00,4985.395748
2012-12-08 00:00:00,5060.899192
2012-12-09 00:00:00,5125.191998
2012-12-10 00:00:00,5193.595456
2012-12-11 00:00:00,5257.498691
2012-12-12 00:00:00,5318.999802
2012-12-13 00:00:00,5384.893189
2012-12-14 00:00:00,5452.195559
2012-12-15 00:00:00,5522.698663
2012-12-16 00:00:00,5592.692995
2012-12-17 00:00:00,5657.493802
2012-12-18 00:00:00,5724.298094
2012-12-19 00:00:00,5789.498913
2012-12-20 00:00:00,5855.893079
2012-12-21 00:00:00,5926.395746
2012-12-22 00:00:00,5997.598122
2012-12-23 00:00:00,6067.39319
2012-12-24 00:00:00,6136.595235
2012-12-25 00:00:00,6186.5989
2012-12-26 00:00:00,6206.699997
2012-12-27 00:00:00,6230.49747
2012-12-28 00:00:00,6259.198
2012-12-29 00:00:00,6291.898858
2012-12-30 00:00:00,6334.699997
2012-12-31 00:00:00,6383.796761
2013-01-01 00:00:00,6464.897528
2013-01-02 00:00:00,6512.699997
2013-01-03 00:00:00,6559.29565
2013-01-04 00:00:00,6605.697219
2013-01-05 00:00:00,6651.699108
2013-01-06 00:00:00,6697.495803
2013-01-07 00:00:00,6744.297429
2013-01-08 00:00:00,6798.997803
2013-01-09 00:00:00,6861.899525
2013-01-10 00:00:00,6922.494472
2013-01-11 00:00:00,6984.796761
2013-01-12 00:00:00,7046.798094
2013-01-13 00:00:00,7108.800095
2013-01-14 00:00:00,7170.594463
2013-01-15 00:00:00,7231.897525
2013-01-16 00:00:00,7293.399414
2013-01-17 00:00:00,7354.393968
2013-01-18 00:00:00,7449.089244
2013-01-19 00:00:00,7525.097567
2013-01-20 00:00:00,7584.699997
2013-01-21 00:00:00,7644.795427
2013-01-22 00:00:00,7704.597232
2013-01-23 00:00:00,7763.999135
2013-01-24 00:00:00,7823.193773
2013-01-25 00:00:00,7894.5949
2013-01-26 00:00:00,7980.898191
2013-01-27 00:00:00,8066.990803
2013-01-28 00:00:00,8152.594385
2013-01-29 00:00:00,8236.795609
2013-01-30 00:00:00,8329.19833
2013-01-31 00:00:00,8452.686664
2013-02-01 00:00:00,8574.890192
2013-02-02 00:00:00,8683.595388
2013-02-03 00:00:00,8826.299606
2013-02-04 00:00:00,8912.292611
2013-02-05 00:00:00,9001.396638
2013-02-06 00:00:00,9080.998913
2013-02-07 00:00:00,9160.192888
2013-02-08 00:00:00,9238.895749
2013-02-09 00:00:00,9316.598608
2013-02-10 00:00:00,9393.691999
2013-02-11 00:00:00,9470.194665
2013-02-12 00:00:00,9545.997468
2013-02-13 00:00:00,9621.100388
2013-02-14 00:00:00,9695.394746
2013-02-15 00:00:00,9770.096829
2013-02-16 00:00:00,9843.59961
2013-02-17 00:00:00,9916.893083
2013-02-18 00:00:00,9989.895749
2013-02-19 00:00:00,10062.99802
2013-02-20 00:00:00,10135.59339
2013-02-21 00:00:00,10207.99447
2013-02-22 00:00:00,10280.09805
2013-02-23 00:00:00,10352.2
2013-02-24 00:00:00,10424.39552
2013-02-25 00:00:00,10496.39786
2013-02-26 00:00:00,10567.89941
2013-02-27 00:00:00,10638.79339
2013-02-28 00:00:00,10709.49591
2013-03-01 00:00:00,10779.99825
2013-03-02 00:00:00,10850.19299
2013-03-03 00:00:00,10920.29427
2013-03-04 00:00:00,10989.99714
2013-03-05 00:00:00,11059.4998
2013-03-06 00:00:00,11129.09494
2013-03-07 00:00:00,11198.2965
2013-03-08 00:00:00,11218.4998
2013-03-09 00:00:00,11248.39397
2013-03-10 00:00:00,11316.5965
2013-03-11 00:00:00,11383.89941
2013-03-12 00:00:00,11450.89319
2013-03-13 00:00:00,11563.29094
2013-03-14 00:00:00,11686.29627
2013-03-15 00:00:00,11727.79961
2013-03-16 00:00:00,11727.90019
2013-03-17 00:00:00,11727.9998
2013-03-18 00:00:00,11727.9998
2013-03-19 00:00:00,11770.2
2013-03-20 00:00:00,11790.10039
2013-03-21 00:00:00,11792.90019
2013-03-22 00:00:00,11814.99647
2013-03-23 00:00:00,11861.09817
2013-03-24 00:00:00,11907.99869
2013-03-25 00:00:00,11954.79461
2013-03-26 00:00:00,11988.29572
2013-03-27 00:00:00,12037.49758
2013-03-28 00:00:00,12060.90019
2013-03-29 00:00:00,12095.694
2013-03-30 00:00:00,12119.5965
2013-03-31 00:00:00,12145.19777
2013-04-01 00:00:00,12166.4998
2013-04-02 00:00:00,12193.695
2013-04-03 00:00:00,12216.2
2013-04-04 00:00:00,12239.09772
2013-04-05 00:00:00,12264.4998
2013-04-06 00:00:00,12287.40019
2013-04-07 00:00:00,12307.7
2013-04-08 00:00:00,12334.89797
2013-04-09 00:00:00,12346.7
2013-04-10 00:00:00,12379.39519
2013-04-11 00:00:00,12389.10039
2013-04-12 00:00:00,12396.60039
2013-04-13 00:00:00,12404.99914
2013-04-14 00:00:00,12410.7
2013-04-15 00:00:00,12410.7
2013-04-16 00:00:00,12417.7
2013-04-17 00:00:00,12417.7
2013-04-18 00:00:00,12417.7
2013-04-19 00:00:00,12417.7
2013-04-20 00:00:00,12442.69777
2013-04-21 00:00:00,12487.19911
2013-04-22 00:00:00,12527.49581
2013-04-23 00:00:00,12566.7965
2013-04-24 00:00:00,12598.89797
2013-04-25 00:00:00,12628.19866
2013-04-26 00:00:00,12659.7
2013-04-27 00:00:00,12688.40019
2013-04-28 00:00:00,12711.10039
2013-04-29 00:00:00,12735.60039
2013-04-30 00:00:00,12755.4998
2013-05-01 00:00:00,12770.60039
2013-05-02 00:00:00,12789.60039
2013-05-03 00:00:00,12810.79738
2013-05-04 00:00:00,12832.39975
2013-05-05 00:00:00,12849.40019
2013-05-06 00:00:00,12865.9998
2013-05-07 00:00:00,12886.60039
2013-05-08 00:00:00,12907.59905
2013-05-09 00:00:00,12927.29961
2013-05-10 00:00:00,12945.99891
2013-05-11 00:00:00,12959.60039
2013-05-12 00:00:00,12978.9998
2013-05-13 00:00:00,12994.29739
2013-05-14 00:00:00,13013.39686
2013-05-15 00:00:00,13031.99847
2013-05-16 00:00:00,13048.79961
2013-05-17 00:00:00,13066.9998
2013-05-18 00:00:00,13081.2
2013-05-19 00:00:00,13091.7
2013-05-20 00:00:00,13104.79905
2013-05-21 00:00:00,13117.90019
2013-05-22 00:00:00,13130.99313
2013-05-23 00:00:00,13142.29961
2013-05-24 00:00:00,13159.19866
2013-05-25 00:00:00,13168.9998
2013-05-26 00:00:00,13180.29961
2013-05-27 00:00:00,13195.2
2013-05-28 00:00:00,13210.40019
2013-05-29 00:00:00,13227.9998
2013-05-30 00:00:00,13242.10039
2013-05-31 00:00:00,13252.10039
2013-06-01 00:00:00,13261.79961
2013-06-02 00:00:00,13268.79961
2013-06-03 00:00:00,13275.4998
2013-06-04 00:00:00,13284.09905
2013-06-05 00:00:00,13297.90019
2013-06-06 00:00:00,13310.79961
2013-06-07 00:00:00,13321.60039
2013-06-08 00:00:00,13332.4998
2013-06-09 00:00:00,13345.99947
2013-06-10 00:00:00,13360.2
2013-06-11 00:00:00,13371.7
2013-06-12 00:00:00,13383.29961
2013-06-13 00:00:00,13396.60039
2013-06-14 00:00:00,13409.10039
2013-06-15 00:00:00,13417.9998
2013-06-16 00:00:00,13433.2
2013-06-17 00:00:00,13441.60039
2013-06-18 00:00:00,13452.29961
2013-06-19 00:00:00,13464.39708
2013-06-20 00:00:00,13475.99591
2013-06-21 00:00:00,13489.4998
2013-06-22 00:00:00,13500.29961
2013-06-23 00:00:00,13514.29961
2013-06-24 00:00:00,13524.40019
2013-06-25 00:00:00,13528.10039
2013-06-26 00:00:00,13532.90019
2013-06-27 00:00:00,13543.29727
2013-06-28 00:00:00,13556.9998
2013-06-29 00:00:00,13571.49869
2013-06-30 00:00:00,13578.2
2013-07-01 00:00:00,13592.29961
2013-07-02 00:00:00,13604.40019
2013-07-03 00:00:00,13618.79961
2013-07-04 00:00:00,13627.90019
2013-07-05 00:00:00,13632.90019
2013-07-06 00:00:00,13637.29961
2013-07-07 00:00:00,13645.3953
2013-07-08 00:00:00,13653.39797
2013-07-09 00:00:00,13662.29961
2013-07-10 00:00:00,13675.10039
2013-07-11 00:00:00,13685.90019
2013-07-12 00:00:00,13695.2
2013-07-13 00:00:00,13704.29961
2013-07-14 00:00:00,13713.79961
2013-07-15 00:00:00,13723.4998
2013-07-16 00:00:00,13733.40019
2013-07-17 00:00:00,13741.9998
2013-07-18 00:00:00,13751.40019
2013-07-19 00:00:00,13759.4998
2013-07-20 00:00:00,13770.10039
2013-07-21 00:00:00,13780.60039
2013-07-22 00:00:00,13792.4998
2013-07-23 00:00:00,13805.09872
2013-07-24 00:00:00,13817.19733
2013-07-25 00:00:00,13824.90019
2013-07-26 00:00:00,13835.2
2013-07-27 00:00:00,13845.40019
2013-07-28 00:00:00,13858.9998
2013-07-29 00:00:00,13865.4998
2013-07-30 00:00:00,13874.10039
2013-07-31 00:00:00,13882.90019
2013-08-01 00:00:00,13890.29961
2013-08-02 00:00:00,13900.7
2013-08-03 00:00:00,13912.60039
2013-08-04 00:00:00,13914.9998
2013-08-05 00:00:00,13922.7
2013-08-06 00:00:00,13936.29961
2013-08-07 00:00:00,13942.7
2013-08-08 00:00:00,13951.9998
2013-08-09 00:00:00,13956.90019
2013-08-10 00:00:00,13965.29961
2013-08-11 00:00:00,13972.4998
2013-08-12 00:00:00,13982.9998
2013-08-13 00:00:00,13992.7
2013-08-14 00:00:00,13997.40019
2013-08-15 00:00:00,14004.10039
2013-08-16 00:00:00,14013.7
2013-08-17 00:00:00,14023.90019
2013-08-18 00:00:00,14035.29028
2013-08-19 00:00:00,14043.40019
2013-08-20 00:00:00,14045.90019
2013-08-21 00:00:00,14048.2
2013-08-22 00:00:00,14057.9998
2013-08-23 00:00:00,14067.10039
2013-08-24 00:00:00,14079.10039
2013-08-25 00:00:00,14090.79961
2013-08-26 00:00:00,14095.40019
2013-08-27 00:00:00,14101.4998
2013-08-28 00:00:00,14109.90019
2013-08-29 00:00:00,14114.4998
2013-08-30 00:00:00,14122.2
2013-08-31 00:00:00,14131.4998
2013-09-01 00:00:00,14135.4968
2013-09-02 00:00:00,14142.40019
2013-09-03 00:00:00,14148.90019
2013-09-04 00:00:00,14155.10039
2013-09-05 00:00:00,14164.4998
2013-09-06 00:00:00,14178.90019
2013-09-07 00:00:00,14186.9998
2013-09-08 00:00:00,14190.10039
2013-09-09 00:00:00,14197.59672
2013-09-10 00:00:00,14206.9998
2013-09-11 00:00:00,14217.7
2013-09-12 00:00:00,14222.9998
2013-09-13 00:00:00,14227.29961
2013-09-14 00:00:00,14235.59916
2013-09-15 00:00:00,14243.9998
2013-09-16 00:00:00,14258.60039
2013-09-17 00:00:00,14269.7
2013-09-18 00:00:00,14279.2
2013-09-19 00:00:00,14282.40019
2013-09-20 00:00:00,14287.29961
2013-09-21 00:00:00,14287.29961
2013-09-22 00:00:00,14288.79961
2013-09-23 00:00:00,14292.90019
2013-09-24 00:00:00,14300.79961
2013-09-25 00:00:00,14311.79961
2013-09-26 00:00:00,14322.29961
2013-09-27 00:00:00,14325.90019
2013-09-28 00:00:00,14332.40019
2013-09-29 00:00:00,14341.59838
2013-09-30 00:00:00,14350.19467
2013-10-01 00:00:00,14356.10039
2013-10-02 00:00:00,14360.4998
2013-10-03 00:00:00,14365.2
2013-10-04 00:00:00,14374.79961
2013-10-05 00:00:00,14382.4998
2013-10-06 00:00:00,14384.10039
2013-10-07 00:00:00,14385.7
2013-10-08 00:00:00,14392.4998
2013-10-09 00:00:00,14399.4998
2013-10-10 00:00:00,14412.9998
2013-10-11 00:00:00,14421.79961
2013-10-12 00:00:00,14424.60039
2013-10-13 00:00:00,14431.2
2013-10-14 00:00:00,14439.29961
2013-10-15 00:00:00,14447.79961
2013-10-16 00:00:00,14455.90019
2013-10-17 00:00:00,14462.40019
2013-10-18 00:00:00,14466.7
2013-10-19 00:00:00,14469.60039
2013-10-20 00:00:00,14481.29961
2013-10-21 00:00:00,14488.40019
2013-10-22 00:00:00,14493.79961
2013-10-23 00:00:00,14505.9998
2013-10-24 00:00:00,14511.9998
2013-10-25 00:00:00,14511.9998
2013-10-26 00:00:00,14521.4998
2013-10-27 00:00:00,14530.90019
2013-10-28 00:00:00,14543.4998
2013-10-29 00:00:00,14553.7
2013-10-30 00:00:00,14553.7
2013-10-31 00:00:00,14553.7
2013-11-01 00:00:00,14561.10039
2013-11-02 00:00:00,14572.99914
2013-11-03 00:00:00,14587.2
2013-11-04 00:00:00,14596.7
2013-11-05 00:00:00,14608.10039
2013-11-06 00:00:00,14618.4998
2013-11-07 00:00:00,14624.29961
2013-11-08 00:00:00,14629.2
2013-11-09 00:00:00,14642.9998
2013-11-10 00:00:00,14656.40019
2013-11-11 00:00:00,14661.79961
2013-11-12 00:00:00,14674.10039
2013-11-13 00:00:00,14693.2
2013-11-14 00:00:00,14715.90019
2013-11-15 00:00:00,14746.2
2013-11-16 00:00:00,14767.7
2013-11-17 00:00:00,14796.29961
2013-11-18 00:00:00,14828.40019
2013-11-19 00:00:00,14865.60039
2013-11-20 00:00:00,14894.60039
2013-11-21 00:00:00,14931.7
2013-11-22 00:00:00,14957.40019
2013-11-23 00:00:00,14981.29961
2013-11-24 00:00:00,15006.09327
2013-11-25 00:00:00,15029.09771
2013-11-26 00:00:00,15052.9998
2013-11-27 00:00:00,15078.10039
2013-11-28 00:00:00,15105.60039
2013-11-29 00:00:00,15130.19644
2013-11-30 00:00:00,15166.40019
2013-12-01 00:00:00,15185.7
2013-12-02 00:00:00,15206.2
2013-12-03 00:00:00,15229.29961
2013-12-04 00:00:00,15255.79961
2013-12-05 00:00:00,15279.40019
2013-12-06 00:00:00,15311.09949
2013-12-07 00:00:00,15328.4998
2013-12-08 00:00:00,15350.40019
2013-12-09 00:00:00,15372.79261
2013-12-10 00:00:00,15388.10039
2013-12-11 00:00:00,15405.59961
2013-12-12 00:00:00,15427.09183
2013-12-13 00:00:00,15449.79961
2013-12-14 00:00:00,15472.10039
2013-12-15 00:00:00,15492.49436
2013-12-16 00:00:00,15512.09705
2013-12-17 00:00:00,15532.698
2013-12-18 00:00:00,15551.2
2013-12-19 00:00:00,15579.79961
2013-12-20 00:00:00,15600.4998
2013-12-21 00:00:00,15612.89219
2013-12-22 00:00:00,15636.9948
2013-12-23 00:00:00,15657.60039
2013-12-24 00:00:00,15687.49313
2013-12-25 00:00:00,15717.79961
2013-12-26 00:00:00,15741.09983
2013-12-27 00:00:00,15768.79961
2013-12-28 00:00:00,15808.40019
2013-12-29 00:00:00,15844.2
2013-12-30 00:00:00,15876.09505
2013-12-31 00:00:00,15917.90019
2014-01-01 00:00:00,15965.59239
2014-01-02 00:00:00,16015.10039
2014-01-03 00:00:00,16060.09638
2014-01-04 00:00:00,16104.9918
2014-01-05 00:00:00,16151.60039
2014-01-06 00:00:00,16191.19333
2014-01-07 00:00:00,16235.29427
2014-01-08 00:00:00,16273.69267
2014-01-09 00:00:00,16310.79961
2014-01-10 00:00:00,16355.09872
2014-01-11 00:00:00,16389.00078
2014-01-12 00:00:00,16423.69889
2014-01-13 00:00:00,16462.999
2014-01-14 00:00:00,16507.29738
2014-01-15 00:00:00,16549.89922
2014-01-16 00:00:00,16595.89567
2014-01-17 00:00:00,16643.69644
2014-01-18 00:00:00,16687.69955
2014-01-19 00:00:00,16733.09905
2014-01-20 00:00:00,16777.29694
2014-01-21 00:00:00,16818.59805
2014-01-22 00:00:00,16861.19933
2014-01-23 00:00:00,16905.2
2014-01-24 00:00:00,16950.99811
2014-01-25 00:00:00,16990.19955
2014-01-26 00:00:00,17037.69955
2014-01-27 00:00:00,17089.49922
2014-01-28 00:00:00,17137.29805
2014-01-29 00:00:00,17185.59839
2014-01-30 00:00:00,17234.60039
2014-01-31 00:00:00,17288.49978
2014-02-01 00:00:00,17349.09972
2014-02-02 00:00:00,17409.59939
2014-02-03 00:00:00,17460.60039
2014-02-04 00:00:00,17520.00078
2014-02-05 00:00:00,17578.50078
2014-02-06 00:00:00,17642.29961
2014-02-07 00:00:00,17700.2
2014-02-08 00:00:00,17754.79961
2014-02-09 00:00:00,17816.60039
2014-02-10 00:00:00,17868.195
2014-02-11 00:00:00,17919.59238
2014-02-12 00:00:00,17971.79162
2014-02-13 00:00:00,18029.49476
2014-02-14 00:00:00,18085.69199
2014-02-15 00:00:00,18145.09138
2014-02-16 00:00:00,18202.19288
2014-02-17 00:00:00,18251.29339
2014-02-18 00:00:00,18303.49366
2014-02-19 00:00:00,18359.99378
2014-02-20 00:00:00,18412.99999
2014-02-21 00:00:00,18473.29649
2014-02-22 00:00:00,18526.29572
2014-02-23 00:00:00,18574.19867
2014-02-24 00:00:00,18623.59838
2014-02-25 00:00:00,18676.29961
2014-02-26 00:00:00,18727.7
2014-02-27 00:00:00,18771.59983
2014-02-28 00:00:00,18824.49633
2014-03-01 00:00:00,18875.39478
2014-03-02 00:00:00,18924.69777
2014-03-03 00:00:00,18974.49678
2014-03-04 00:00:00,19022.29606
2014-03-05 00:00:00,19059.29961
2014-03-06 00:00:00,19091.00078
2014-03-07 00:00:00,19128.10039
2014-03-08 00:00:00,19164.50078
2014-03-09 00:00:00,19201.49844
2014-03-10 00:00:00,19238.39766
2014-03-11 00:00:00,19271.59906
2014-03-12 00:00:00,19302.29361
2014-03-13 00:00:00,19336.59883
2014-03-14 00:00:00,19369.897
2014-03-15 00:00:00,19406.60039
2014-03-16 00:00:00,19441.29251
2014-03-17 00:00:00,19473.89322
2014-03-18 00:00:00,19505.60006
2014-03-19 00:00:00,19540.50078
2014-03-20 00:00:00,19567.49455
2014-03-21 00:00:00,19604.00011
2014-03-22 00:00:00,19634.89456
2014-03-23 00:00:00,19668.2
2014-03-24 00:00:00,19693.50078
2014-03-25 00:00:00,19717.79961
2014-03-26 00:00:00,19744.79494
2014-03-27 00:00:00,19769.00078
2014-03-28 00:00:00,19794.89922
2014-03-29 00:00:00,19817.2985
2014-03-30 00:00:00,19841.79738
2014-03-31 00:00:00,19865.60039
2014-04-01 00:00:00,19890.7
2014-04-02 00:00:00,19916.7
2014-04-03 00:00:00,19942.7
2014-04-04 00:00:00,19967.60039
2014-04-05 00:00:00,19987.50078
2014-04-06 00:00:00,20005.89922
2014-04-07 00:00:00,20027.50078
2014-04-08 00:00:00,20052.29961
2014-04-09 00:00:00,20067.89922
2014-04-10 00:00:00,20084.60039
2014-04-11 00:00:00,20104.89323
2014-04-12 00:00:00,20124.00078
2014-04-13 00:00:00,20145.69611
2014-04-14 00:00:00,20164.7
2014-04-15 00:00:00,20180.7956
2014-04-16 00:00:00,20193.79961
2014-04-17 00:00:00,20211.69555
2014-04-18 00:00:00,20236.29795
2014-04-19 00:00:00,20253.7
2014-04-20 00:00:00,20272.00078
2014-04-21 00:00:00,20295.2
2014-04-22 00:00:00,20315.10039
2014-04-23 00:00:00,20329.29961
2014-04-24 00:00:00,20341.79961
2014-04-25 00:00:00,20359.10039
2014-04-26 00:00:00,20379.60039
2014-04-27 00:00:00,20397.89922
2014-04-28 00:00:00,20414.79961
2014-04-29 00:00:00,20429.49744
2014-04-30 00:00:00,20445.29961
2014-05-01 00:00:00,20461.50078
2014-05-02 00:00:00,20476.89766
2014-05-03 00:00:00,20484.2
2014-05-04 00:00:00,20495.89922
2014-05-05 00:00:00,20512.19766
2014-05-06 00:00:00,20532.19534
2014-05-07 00:00:00,20551.39922
2014-05-08 00:00:00,20565.7
2014-05-09 00:00:00,20582.7
2014-05-10 00:00:00,20594.59439
2014-05-11 00:00:00,20614.39378
2014-05-12 00:00:00,20629.2985
2014-05-13 00:00:00,20638.2
2014-05-14 00:00:00,20644.29961
2014-05-15 00:00:00,20649.60039
2014-05-16 00:00:00,20657.195
2014-05-17 00:00:00,20671.59572
2014-05-18 00:00:00,20687.89922
2014-05-19 00:00:00,20707.2
2014-05-20 00:00:00,20723.79961
2014-05-21 00:00:00,20736.60039
2014-05-22 00:00:00,20752.09338
2014-05-23 00:00:00,20764.60039
2014-05-24 00:00:00,20775.39922
2014-05-25 00:00:00,20784.7
2014-05-26 00:00:00,20793.59906
2014-05-27 00:00:00,20807.7
2014-05-28 00:00:00,20821.89922
2014-05-29 00:00:00,20832.50078
2014-05-30 00:00:00,20840.59639
2014-05-31 00:00:00,20848.9981
2014-06-01 00:00:00,20859.39922
2014-06-02 00:00:00,20871.10039
2014-06-03 00:00:00,20884.2
2014-06-04 00:00:00,20899.29784
2014-06-05 00:00:00,20916.39378
2014-06-06 00:00:00,20924.60039
2014-06-07 00:00:00,20932.50078
2014-06-08 00:00:00,20943.89922
2014-06-09 00:00:00,20951.29961
2014-06-10 00:00:00,20963.89922
2014-06-11 00:00:00,20972.50078
2014-06-12 00:00:00,20975.50078
2014-06-13 00:00:00,20975.50078
2014-06-14 00:00:00,20975.50078
2014-06-15 00:00:00,20975.50078
2014-06-16 00:00:00,20975.50078
2014-06-17 00:00:00,20993.69467
2014-06-18 00:00:00,21010.9961
2014-06-19 00:00:00,21025.29961
2014-06-20 00:00:00,21040.2
2014-06-21 00:00:00,21052.89922
2014-06-22 00:00:00,21065.00078
2014-06-23 00:00:00,21074.2
2014-06-24 00:00:00,21085.79961
2014-06-25 00:00:00,21098.10039
2014-06-26 00:00:00,21109.99744
2014-06-27 00:00:00,21121.698
2014-06-28 00:00:00,21133.7
2014-06-29 00:00:00,21146.50078
2014-06-30 00:00:00,21156.69644
2014-07-01 00:00:00,21163.09262
2014-07-02 00:00:00,21170.09706
2014-07-03 00:00:00,21177.10039
2014-07-04 00:00:00,21189.2
2014-07-05 00:00:00,21205.7
2014-07-06 00:00:00,21217.39922
2014-07-07 00:00:00,21226.60039
2014-07-08 00:00:00,21230.7
2014-07-09 00:00:00,21241.89922
2014-07-10 00:00:00,21253.60039
2014-07-11 00:00:00,21261.39922
2014-07-12 00:00:00,21269.00078
2014-07-13 00:00:00,21278.89822
2014-07-14 00:00:00,21291.2
2014-07-15 00:00:00,21295.89922
2014-07-16 00:00:00,21300.60039
2014-07-17 00:00:00,21307.2
2014-07-18 00:00:00,21315.59772
2014-07-19 00:00:00,21326.7
2014-07-20 00:00:00,21339.60039
2014-07-21 00:00:00,21348.29961
2014-07-22 00:00:00,21353.7
2014-07-23 00:00:00,21358.50078
2014-07-24 00:00:00,21367.2
2014-07-25 00:00:00,21376.10039
2014-07-26 00:00:00,21385.50078
2014-07-27 00:00:00,21395.00078
2014-07-28 00:00:00,21402.2
2014-07-29 00:00:00,21411.79572
2014-07-30 00:00:00,21420.2
2014-07-31 00:00:00,21427.39922
2014-08-01 00:00:00,21435.89922
2014-08-02 00:00:00,21446.60039
2014-08-03 00:00:00,21457.29961
2014-08-04 00:00:00,21462.10039
2014-08-05 00:00:00,21466.29961
2014-08-06 00:00:00,21472.2
2014-08-07 00:00:00,21483.10039
2014-08-08 00:00:00,21489.79961
2014-08-09 00:00:00,21502.59338
2014-08-10 00:00:00,21509.10039
2014-08-11 00:00:00,21522.29961
2014-08-12 00:00:00,21527.60039
2014-08-13 00:00:00,21536.19866
2014-08-14 00:00:00,21545.00078
2014-08-15 00:00:00,21549.89922
2014-08-16 00:00:00,21554.00078
2014-08-17 00:00:00,21559.89922
2014-08-18 00:00:00,21574.50078
2014-08-19 00:00:00,21581.10039
2014-08-20 00:00:00,21586.50078
2014-08-21 00:00:00,21590.60039
2014-08-22 00:00:00,21598.89722
2014-08-23 00:00:00,21607.39922
2014-08-24 00:00:00,21612.60039
2014-08-25 00:00:00,21617.60039
2014-08-26 00:00:00,21628.7
2014-08-27 00:00:00,21636.50078
2014-08-28 00:00:00,21640.59906
2014-08-29 00:00:00,21649.7
2014-08-30 00:00:00,21656.7
2014-08-31 00:00:00,21664.29961
2014-09-01 00:00:00,21670.19933
2014-09-02 00:00:00,21674.7
2014-09-03 00:00:00,21679.29961
2014-09-04 00:00:00,21686.7
2014-09-05 00:00:00,21697.10016
2014-09-06 00:00:00,21708.00078
2014-09-07 00:00:00,21716.58284
2014-09-08 00:00:00,21723.39922
2014-09-09 00:00:00,21729.60039
2014-09-10 00:00:00,21736.00078
2014-09-11 00:00:00,21744.2
2014-09-12 00:00:00,21751.2
2014-09-13 00:00:00,21757.50078
2014-09-14 00:00:00,21764.09771
2014-09-15 00:00:00,21775.00078
2014-09-16 00:00:00,21785.09961
2014-09-17 00:00:00,21795.60039
2014-09-18 00:00:00,21806.00078
2014-09-19 00:00:00,21816.00078
2014-09-20 00:00:00,21824.00078
2014-09-21 00:00:00,21831.00078
2014-09-22 00:00:00,21835.79961
2014-09-23 00:00:00,21843.60039
2014-09-24 00:00:00,21854.10039
2014-09-25 00:00:00,21867.00078
2014-09-26 00:00:00,21870.89922
2014-09-27 00:00:00,21875.10039
2014-09-28 00:00:00,21880.79961
2014-09-29 00:00:00,21891.19644
2014-09-30 00:00:00,21899.39922
2014-10-01 00:00:00,21906.00078
2014-10-02 00:00:00,21912.50078
2014-10-03 00:00:00,21918.79961
2014-10-04 00:00:00,21929.2
2014-10-05 00:00:00,21942.09983
2014-10-06 00:00:00,21949.60039
2014-10-07 00:00:00,21964.99744
2014-10-08 00:00:00,21977.50078
2014-10-09 00:00:00,21988.10039
2014-10-10 00:00:00,21994.29961
2014-10-11 00:00:00,21997.2
2014-10-12 00:00:00,22004.89922
2014-10-13 00:00:00,22013.39922
2014-10-14 00:00:00,22025.7
2014-10-15 00:00:00,22034.7
2014-10-16 00:00:00,22042.7
2014-10-17 00:00:00,22051.69866
2014-10-18 00:00:00,22053.49944
2014-10-19 00:00:00,22059.69955
2014-10-20 00:00:00,22068.10039
2014-10-21 00:00:00,22076.39766
2014-10-22 00:00:00,22089.50078
2014-10-23 00:00:00,22089.50078
2014-10-24 00:00:00,22094.79961
2014-10-25 00:00:00,22104.10039
2014-10-26 00:00:00,22109.59817
2014-10-27 00:00:00,22114.89922
2014-10-28 00:00:00,22122.29961
2014-10-29 00:00:00,22133.10039
2014-10-30 00:00:00,22137.79961
2014-10-31 00:00:00,22143.29961
2014-11-01 00:00:00,22151.29961
2014-11-02 00:00:00,22160.60039
2014-11-03 00:00:00,22174.79961
2014-11-04 00:00:00,22191.39922
2014-11-05 00:00:00,22198.2
2014-11-06 00:00:00,22200.50078
2014-11-07 00:00:00,22205.89922
2014-11-08 00:00:00,22217.10039
2014-11-09 00:00:00,22221.79916
2014-11-10 00:00:00,22228.89922
2014-11-11 00:00:00,22235.60039
2014-11-12 00:00:00,22245.7
2014-11-13 00:00:00,22251.89922
2014-11-14 00:00:00,22255.79961
2014-11-15 00:00:00,22266.79894
2014-11-16 00:00:00,22276.29961
2014-11-17 00:00:00,22285.39922
2014-11-18 00:00:00,22288.39922
2014-11-19 00:00:00,22290.7
2014-11-20 00:00:00,22291.29961
2014-11-21 00:00:00,22294.69833
2014-11-22 00:00:00,22304.39788
2014-11-23 00:00:00,22313.29961
2014-11-24 00:00:00,22322.2
2014-11-25 00:00:00,22323.29961
2014-11-26 00:00:00,22333.26162
2014-11-27 00:00:00,22345.00078
2014-11-28 00:00:00,22358.10039
2014-11-29 00:00:00,22363.89922
2014-11-30 00:00:00,22370.00078
2014-12-01 00:00:00,22372.00078
2014-12-02 00:00:00,22372.00078
2014-12-03 00:00:00,22372.00078
2014-12-04 00:00:00,22377.20078
2014-12-05 00:00:00,22402.80078
2014-12-06 00:00:00,22422.20078
2014-12-07 00:00:00,22432.60078
2014-12-08 00:00:00,22461.80078
2014-12-09 00:00:00,22482.00078
2014-12-10 00:00:00,22494.00078
2014-12-11 00:00:00,22523.80078
2014-12-12 00:00:00,22554.80078
2014-12-13 00:00:00,22582.40078
2014-12-14 00:00:00,22589.40078
2014-12-15 00:00:00,22612.20078
2014-12-16 00:00:00,22642.00078
2014-12-17 00:00:00,22675.40078
2014-12-18 00:00:00,22714.60078
2014-12-19 00:00:00,22753.00078
2014-12-20 00:00:00,22785.80078
2014-12-21 00:00:00,22817.80078
2014-12-22 00:00:00,22864.00078
2014-12-23 00:00:00,22918.40078
2014-12-24 00:00:00,22973.00078
2014-12-25 00:00:00,23026.40078
2014-12-26 00:00:00,23070.00078
2014-12-27 00:00:00,23131.20078
2014-12-28 00:00:00,23198.20078
2014-12-29 00:00:00,23235.40078
2014-12-30 00:00:00,23286.20078
2014-12-31 00:00:00,23335.20078
2015-01-01 00:00:00,23388.80078
2015-01-02 00:00:00,23457.20078
2015-01-03 00:00:00,23517.20078
2015-01-04 00:00:00,23579.00078
2015-01-05 00:00:00,23622.00078
2015-01-06 00:00:00,23682.00078
2015-01-07 00:00:00,23735.80078
2015-01-08 00:00:00,23786.40078
2015-01-09 00:00:00,23834.80078
2015-01-10 00:00:00,23896.80078
2015-01-11 00:00:00,23946.60078
2015-01-12 00:00:00,23990.20078
2015-01-13 00:00:00,24042.00078
2015-01-14 00:00:00,24072.00078
2015-01-15 00:00:00,24099.10078
2015-01-16 00:00:00,24139.60078
2015-01-17 00:00:00,24173.90078
2015-01-18 00:00:00,24215.60078
2015-01-19 00:00:00,24264.80078
2015-01-20 00:00:00,24318.60078
2015-01-21 00:00:00,24378.10078
2015-01-22 00:00:00,24441.40078
2015-01-23 00:00:00,24501.20078
2015-01-24 00:00:00,24564.40078
2015-01-25 00:00:00,24626.20078
2015-01-26 00:00:00,24685.40078
2015-01-27 00:00:00,24746.70078
2015-01-28 00:00:00,24803.20078
2015-01-29 00:00:00,24872.60078
2015-01-30 00:00:00,24940.60078
2015-01-31 00:00:00,24999.80078
2015-02-01 00:00:00,25053.20078
2015-02-02 00:00:00,25105.70078
2015-02-03 00:00:00,25163.60078
2015-02-04 00:00:00,25220.50078
2015-02-05 00:00:00,25275.90078
2015-02-06 00:00:00,25330.50078
2015-02-07 00:00:00,25385.50078
2015-02-08 00:00:00,25442.50078
2015-02-09 00:00:00,25497.80078
2015-02-10 00:00:00,25552.20078
2015-02-11 00:00:00,25603.80078
2015-02-12 00:00:00,25658.20078
2015-02-13 00:00:00,25711.10078
2015-02-14 00:00:00,25767.20078
2015-02-15 00:00:00,25815.60078
2015-02-16 00:00:00,25858.90078
2015-02-17 00:00:00,25903.20078
2015-02-18 00:00:00,25936.20078
2015-02-19 00:00:00,25976.50078
2015-02-20 00:00:00,26022.90078
2015-02-21 00:00:00,26070.60078
2015-02-22 00:00:00,26112.80078
2015-02-23 00:00:00,26153.40078
2015-02-24 00:00:00,26198.90078
2015-02-25 00:00:00,26232.60078
2015-02-26 00:00:00,26268.40078
2015-02-27 00:00:00,26315.40078
2015-02-28 00:00:00,26356.10078
2015-03-01 00:00:00,26410.30078
2015-03-02 00:00:00,26466.20078
2015-03-03 00:00:00,26512.70078
2015-03-04 00:00:00,26560.80078
2015-03-05 00:00:00,26595.70078
2015-03-06 00:00:00,26633.80078
2015-03-07 00:00:00,26678.70078
2015-03-08 00:00:00,26728.40078
2015-03-09 00:00:00,26776.40078
2015-03-10 00:00:00,26822.80078
2015-03-11 00:00:00,26866.30078
2015-03-12 00:00:00,26912.10078
2015-03-13 00:00:00,26958.40078
2015-03-14 00:00:00,27004.40078
2015-03-15 00:00:00,27046.50078
2015-03-16 00:00:00,27090.20078
2015-03-17 00:00:00,27135.00078
2015-03-18 00:00:00,27175.70078
2015-03-19 00:00:00,27213.90078
2015-03-20 00:00:00,27252.80078
2015-03-21 00:00:00,27299.00078
2015-03-22 00:00:00,27335.70078
2015-03-23 00:00:00,27372.20078
2015-03-24 00:00:00,27410.80078
2015-03-25 00:00:00,27452.90078
2015-03-26 00:00:00,27489.60078
2015-03-27 00:00:00,27526.90078
2015-03-28 00:00:00,27587.60234
2015-03-29 00:00:00,27627.89922
2015-03-30 00:00:00,27670.60234
2015-03-31 00:00:00,27699.2039
2015-04-01 00:00:00,27728.7039
2015-04-02 00:00:00,27752.7039
2015-04-03 00:00:00,27776.00078
2015-04-04 00:00:00,27804.79765
2015-04-05 00:00:00,27828.2039
2015-04-06 00:00:00,27851.00078
2015-04-07 00:00:00,27872.89922
2015-04-08 00:00:00,27896.29765
2015-04-09 00:00:00,27923.00078
2015-04-10 00:00:00,27953.00078
2015-04-11 00:00:00,27986.10234
2015-04-12 00:00:00,28010.60234
2015-04-13 00:00:00,28037.2039
2015-04-14 00:00:00,28057.7039
2015-04-15 00:00:00,28088.89922
2015-04-16 00:00:00,28112.2039
2015-04-17 00:00:00,28138.10234
2015-04-18 00:00:00,28162.00078
2015-04-19 00:00:00,28185.39922
2015-04-20 00:00:00,28211.10234
2015-04-21 00:00:00,28232.50078
2015-04-22 00:00:00,28253.60234
2015-04-23 00:00:00,28280.39922
2015-04-24 00:00:00,28310.00078
2015-04-25 00:00:00,28341.50078
2015-04-26 00:00:00,28368.89922
2015-04-27 00:00:00,28392.79765
2015-04-28 00:00:00,28414.39922
2015-04-29 00:00:00,28432.00078
2015-04-30 00:00:00,28455.89922
2015-05-01 00:00:00,28480.89922
2015-05-02 00:00:00,28502.10234
2015-05-03 00:00:00,28522.7039
2015-05-04 00:00:00,28550.79765
2015-05-05 00:00:00,28572.10234
2015-05-06 00:00:00,28592.7039
2015-05-07 00:00:00,28610.60234
2015-05-08 00:00:00,28622.79765
2015-05-09 00:00:00,28642.79765
2015-05-10 00:00:00,28659.00078
2015-05-11 00:00:00,28671.2039
2015-05-12 00:00:00,28691.89922
2015-05-13 00:00:00,28709.89922
2015-05-14 00:00:00,28726.79765
2015-05-15 00:00:00,28745.79765
2015-05-16 00:00:00,28758.29765
2015-05-17 00:00:00,28772.89922
2015-05-18 00:00:00,28790.50078
2015-05-19 00:00:00,28817.89922
2015-05-20 00:00:00,28835.89922
2015-05-21 00:00:00,28844.79765
2015-05-22 00:00:00,28853.79765
2015-05-23 00:00:00,28868.29765
2015-05-24 00:00:00,28884.29765
2015-05-25 00:00:00,28903.00078
2015-05-26 00:00:00,28919.00078
2015-05-27 00:00:00,28930.00078
2015-05-28 00:00:00,28946.79765
2015-05-29 00:00:00,28964.89922
2015-05-30 00:00:00,28984.89922
2015-05-31 00:00:00,28995.89922
2015-06-01 00:00:00,29014.00078
2015-06-02 00:00:00,29026.29765
2015-06-03 00:00:00,29042.00078
2015-06-04 00:00:00,29044.00078
2015-06-05 00:00:00,29056.29765
2015-06-06 00:00:00,29074.60234
2015-06-07 00:00:00,29082.60234
2015-06-08 00:00:00,29090.39922
2015-06-09 00:00:00,29100.60234
2015-06-10 00:00:00,29112.2039
2015-06-11 00:00:00,29127.2039
2015-06-12 00:00:00,29145.10234
2015-06-13 00:00:00,29165.29765
2015-06-14 00:00:00,29178.50078
2015-06-15 00:00:00,29189.10234
2015-06-16 00:00:00,29195.2039
2015-06-17 00:00:00,29203.29765
2015-06-18 00:00:00,29220.39922
2015-06-19 00:00:00,29232.39922
2015-06-20 00:00:00,29244.39922
2015-06-21 00:00:00,29256.39922
2015-06-22 00:00:00,29271.2039
2015-06-23 00:00:00,29294.2039
2015-06-24 00:00:00,29303.29765
2015-06-25 00:00:00,29314.89922
2015-06-26 00:00:00,29327.00078
2015-06-27 00:00:00,29347.10234
2015-06-28 00:00:00,29356.2039
2015-06-29 00:00:00,29368.39922
2015-06-30 00:00:00,29419.2039
2015-07-01 00:00:00,29466.7039
2015-07-02 00:00:00,29466.7039
2015-07-03 00:00:00,29466.79765
2015-07-04 00:00:00,29466.79765
2015-07-05 00:00:00,29472.2039
2015-07-06 00:00:00,29482.7039
2015-07-07 00:00:00,29490.29765
2015-07-08 00:00:00,29507.2039
2015-07-09 00:00:00,29514.7039
2015-07-10 00:00:00,29514.7039
2015-07-11 00:00:00,29525.10234
2015-07-12 00:00:00,29536.00078
2015-07-13 00:00:00,29546.00078
2015-07-14 00:00:00,29558.60234
2015-07-15 00:00:00,29563.29765
2015-07-16 00:00:00,29573.2039
2015-07-17 00:00:00,29583.10234
2015-07-18 00:00:00,29596.29765
2015-07-19 00:00:00,29604.00078
2015-07-20 00:00:00,29615.00078
2015-07-21 00:00:00,29625.39922
2015-07-22 00:00:00,29633.10234
2015-07-23 00:00:00,29643.29765
2015-07-24 00:00:00,29648.50078
2015-07-25 00:00:00,29666.79765
2015-07-26 00:00:00,29679.60234
2015-07-27 00:00:00,29688.89922
2015-07-28 00:00:00,29703.50078
2015-07-29 00:00:00,29710.60234
2015-07-30 00:00:00,29715.50078
2015-07-31 00:00:00,29715.50078
2015-08-01 00:00:00,29723.00078
2015-08-02 00:00:00,29733.39922
2015-08-03 00:00:00,29741.2039
2015-08-04 00:00:00,29752.39922
2015-08-05 00:00:00,29760.60234
2015-08-06 00:00:00,29769.00078
2015-08-07 00:00:00,29776.50078
2015-08-08 00:00:00,29781.7039
2015-08-09 00:00:00,29786.50078
2015-08-10 00:00:00,29797.89922
2015-08-11 00:00:00,29806.2039
2015-08-12 00:00:00,29813.60234
2015-08-13 00:00:00,29818.7039
2015-08-14 00:00:00,29833.50078
2015-08-15 00:00:00,29846.2039
2015-08-16 00:00:00,29851.79765
2015-08-17 00:00:00,29856.79765
2015-08-18 00:00:00,29870.2039
2015-08-19 00:00:00,29875.2039
2015-08-20 00:00:00,29878.89922
2015-08-21 00:00:00,29884.39922
2015-08-22 00:00:00,29892.10234
2015-08-23 00:00:00,29903.10234
2015-08-24 00:00:00,29918.39922
2015-08-25 00:00:00,29933.10234
2015-08-26 00:00:00,29935.7039
2015-08-27 00:00:00,29944.60234
2015-08-28 00:00:00,29949.79765
2015-08-29 00:00:00,29952.2039
2015-08-30 00:00:00,29957.29765
2015-08-31 00:00:00,29966.10234
2015-09-01 00:00:00,29980.89922
2015-09-02 00:00:00,29983.29765
2015-09-03 00:00:00,29991.00078
2015-09-04 00:00:00,29999.10234
2015-09-05 00:00:00,30007.2039
2015-09-06 00:00:00,30011.89922
2015-09-07 00:00:00,30013.7039
2015-09-08 00:00:00,30016.60234
2015-09-09 00:00:00,30024.00078
2015-09-10 00:00:00,30032.00078
2015-09-11 00:00:00,30040.10234
2015-09-12 00:00:00,30051.60234
2015-09-13 00:00:00,30065.50078
2015-09-14 00:00:00,30080.00078
2015-09-15 00:00:00,30091.89922
2015-09-16 00:00:00,30100.00078
2015-09-17 00:00:00,30115.2039
2015-09-18 00:00:00,30118.29765
2015-09-19 00:00:00,30118.29765
2015-09-20 00:00:00,30118.29765
2015-09-21 00:00:00,30118.29765
2015-09-22 00:00:00,30118.29765
2015-09-23 00:00:00,30118.29765
2015-09-24 00:00:00,30118.29765
2015-09-25 00:00:00,30118.29765
2015-09-26 00:00:00,30118.29765
2015-09-27 00:00:00,30118.29765
2015-09-28 00:00:00,30118.29765
2015-09-29 00:00:00,30118.29765
2015-09-30 00:00:00,30196.39922
2015-10-01 00:00:00,30238.00078
2015-10-02 00:00:00,30238.2039
2015-10-03 00:00:00,30281.10234
2015-10-04 00:00:00,30281.10234
2015-10-05 00:00:00,30322.10234
2015-10-06 00:00:00,30322.10234
2015-10-07 00:00:00,30381.39922
2015-10-08 00:00:00,30411.7039
2015-10-09 00:00:00,30434.29765
2015-10-10 00:00:00,30449.2039
2015-10-11 00:00:00,30470.29765
2015-10-12 00:00:00,30491.10234
2015-10-13 00:00:00,30511.89922
2015-10-14 00:00:00,30525.60234
2015-10-15 00:00:00,30539.50078
2015-10-16 00:00:00,30560.29765
2015-10-17 00:00:00,30574.29765
2015-10-18 00:00:00,30588.29765
2015-10-19 00:00:00,30602.10234
2015-10-20 00:00:00,30626.7039
2015-10-21 00:00:00,30635.00078
2015-10-22 00:00:00,30642.50078
2015-10-23 00:00:00,30647.60234
2015-10-24 00:00:00,30650.89922
2015-10-25 00:00:00,30653.89922
2015-10-26 00:00:00,30656.7039
2015-10-27 00:00:00,30658.89922
2015-10-28 00:00:00,30666.29765
2015-10-29 00:00:00,30676.2039
2015-10-30 00:00:00,30681.7039
2015-10-31 00:00:00,30686.60234
2015-11-01 00:00:00,30694.10234
2015-11-02 00:00:00,30700.7039
2015-11-03 00:00:00,30711.10234
2015-11-04 00:00:00,30723.10234
2015-11-05 00:00:00,30734.50078
2015-11-06 00:00:00,30745.10234
2015-11-07 00:00:00,30755.29765
2015-11-08 00:00:00,30764.2039
2015-11-09 00:00:00,30773.60234
2015-11-10 00:00:00,30783.7039
2015-11-11 00:00:00,30793.39922
2015-11-12 00:00:00,30803.2039
2015-11-13 00:00:00,30812.7039
2015-11-14 00:00:00,30823.89922
2015-11-15 00:00:00,30835.39922
2015-11-16 00:00:00,30843.29765
2015-11-17 00:00:00,30855.39922
2015-11-18 00:00:00,30874.00078
2015-11-19 00:00:00,30885.29765
2015-11-20 00:00:00,30898.79765
2015-11-21 00:00:00,30918.79765
2015-11-22 00:00:00,30936.60234
2015-11-23 00:00:00,30950.60234
2015-11-24 00:00:00,30969.7039
2015-11-25 00:00:00,31003.7039
2015-11-26 00:00:00,31036.39922
2015-11-27 00:00:00,31067.39922
2015-11-28 00:00:00,31112.29765
2015-11-29 00:00:00,31157.29765
2015-11-30 00:00:00,31203.29765
2015-12-01 00:00:00,31247.79765
2015-12-02 00:00:00,31293.10234
2015-12-03 00:00:00,31348.00078
2015-12-04 00:00:00,31411.39922
2015-12-05 00:00:00,31473.29765
2015-12-06 00:00:00,31540.89922
2015-12-07 00:00:00,31603.39922
2015-12-08 00:00:00,31662.7039
2015-12-09 00:00:00,31724.2039
2015-12-10 00:00:00,31778.89922
2015-12-11 00:00:00,31838.50078
2015-12-12 00:00:00,31895.00078
2015-12-13 00:00:00,31951.39922
2015-12-14 00:00:00,31998.39922
2015-12-15 00:00:00,32048.7039
2015-12-16 00:00:00,32095.60234
2015-12-17 00:00:00,32144.39922
2015-12-18 00:00:00,32194.2039
2015-12-19 00:00:00,32241.2039
2015-12-20 00:00:00,32290.89922
2015-12-21 00:00:00,32339.7039
2015-12-22 00:00:00,32387.10234
2015-12-23 00:00:00,32435.39922
2015-12-24 00:00:00,32478.10234
2015-12-25 00:00:00,32526.29765
2015-12-26 00:00:00,32569.79765
2015-12-27 00:00:00,32614.39922
2015-12-28 00:00:00,32655.50078
2015-12-29 00:00:00,32699.00078
2015-12-30 00:00:00,32739.7039
2015-12-31 00:00:00,32785.50078
2016-01-01 00:00:00,32826.39922
2016-01-02 00:00:00,32866.29765
2016-01-03 00:00:00,32912.79765
2016-01-04 00:00:00,32961.39922
2016-01-05 00:00:00,33006.79765
2016-01-06 00:00:00,33046.2039
2016-01-07 00:00:00,33083.2039
2016-01-08 00:00:00,33127.89922
2016-01-09 00:00:00,33161.79765
2016-01-10 00:00:00,33204.10234
2016-01-11 00:00:00,33247.50078
2016-01-12 00:00:00,33292.60234
2016-01-13 00:00:00,33331.50078
2016-01-14 00:00:00,33363.7039
2016-01-15 00:00:00,33411.29765
2016-01-16 00:00:00,33445.00078
2016-01-17 00:00:00,33483.39922
2016-01-18 00:00:00,33525.50078
2016-01-19 00:00:00,33578.89922
2016-01-20 00:00:00,33613.60234
2016-01-21 00:00:00,33667.79765
2016-01-22 00:00:00,33730.79765
2016-01-23 00:00:00,33763.50078
2016-01-24 00:00:00,33765.00078
2016-01-25 00:00:00,33765.00078
2016-01-26 00:00:00,33782.29765
2016-01-27 00:00:00,33782.29765
2016-01-28 00:00:00,33820.7039
2016-01-29 00:00:00,33820.7039
2016-01-30 00:00:00,33820.7039
2016-01-31 00:00:00,33820.7039
2016-02-01 00:00:00,33905.7039
2016-02-02 00:00:00,34011.50078
2016-02-03 00:00:00,34013.00078
2016-02-04 00:00:00,34023.29765
2016-02-05 00:00:00,34128.00078
2016-02-06 00:00:00,34169.29765
2016-02-07 00:00:00,34169.29765
2016-02-08 00:00:00,34169.29765
2016-02-09 00:00:00,34195.2039
2016-02-10 00:00:00,34254.50078
2016-02-11 00:00:00,34362.89922
2016-02-12 00:00:00,34471.39922
2016-02-13 00:00:00,34579.50078
2016-02-14 00:00:00,34687.60234
2016-02-15 00:00:00,34795.89922
2016-02-16 00:00:00,34891.89922
2016-02-17 00:00:00,34993.39922
2016-02-18 00:00:00,35102.50078
2016-02-19 00:00:00,35190.29765
2016-02-20 00:00:00,35273.00078
2016-02-21 00:00:00,35361.7039
2016-02-22 00:00:00,35438.29765
2016-02-23 00:00:00,35510.10234
2016-02-24 00:00:00,35572.39922
2016-02-25 00:00:00,35640.39922
2016-02-26 00:00:00,35707.10234
2016-02-27 00:00:00,35771.89922
2016-02-28 00:00:00,35831.2039
2016-02-29 00:00:00,35884.39922
2016-03-01 00:00:00,35939.2039
2016-03-02 00:00:00,36010.79765
2016-03-03 00:00:00,36078.29765
2016-03-04 00:00:00,36131.89922
2016-03-05 00:00:00,36197.10234
2016-03-06 00:00:00,36252.29765
2016-03-07 00:00:00,36312.79765
2016-03-08 00:00:00,36373.50078
2016-03-09 00:00:00,36439.50078
2016-03-10 00:00:00,36513.79765
2016-03-11 00:00:00,36575.89922
2016-03-12 00:00:00,36640.89922
2016-03-13 00:00:00,36707.10234
2016-03-14 00:00:00,36769.00078
2016-03-15 00:00:00,36837.2039
2016-03-16 00:00:00,36901.29765
2016-03-17 00:00:00,36963.2039
2016-03-18 00:00:00,37023.7039
2016-03-19 00:00:00,37086.10234
2016-03-20 00:00:00,37143.00078
2016-03-21 00:00:00,37199.2039
2016-03-22 00:00:00,37255.50078
2016-03-23 00:00:00,37310.79765
2016-03-24 00:00:00,37361.10234
2016-03-25 00:00:00,37413.29765
2016-03-26 00:00:00,37456.89922
2016-03-27 00:00:00,37509.7039
2016-03-28 00:00:00,37556.29765
2016-03-29 00:00:00,37608.39922
2016-03-30 00:00:00,37644.39922
2016-03-31 00:00:00,37679.50078
2016-04-01 00:00:00,37712.29765
2016-04-02 00:00:00,37744.39922
2016-04-03 00:00:00,37786.60234
2016-04-04 00:00:00,37825.00078
2016-04-05 00:00:00,37862.39922
2016-04-06 00:00:00,37953.2039
2016-04-07 00:00:00,38047.60234
2016-04-08 00:00:00,38115.79765
2016-04-09 00:00:00,38173.79765
2016-04-10 00:00:00,38228.39922
2016-04-11 00:00:00,38273.50078
2016-04-12 00:00:00,38318.60234
2016-04-13 00:00:00,38360.89922
2016-04-14 00:00:00,38399.89922
2016-04-15 00:00:00,38436.60234
2016-04-16 00:00:00,38478.00078
2016-04-17 00:00:00,38512.7039
2016-04-18 00:00:00,38539.00078
2016-04-19 00:00:00,38567.2039
2016-04-20 00:00:00,38592.00078
2016-04-21 00:00:00,38618.2039
2016-04-22 00:00:00,38648.39922
2016-04-23 00:00:00,38678.29765
2016-04-24 00:00:00,38707.7039
2016-04-25 00:00:00,38735.7039
2016-04-26 00:00:00,38768.60234
2016-04-27 00:00:00,38799.10234
2016-04-28 00:00:00,38820.79765
2016-04-29 00:00:00,38842.60234
2016-04-30 00:00:00,38867.29765
2016-05-01 00:00:00,38885.00078
2016-05-02 00:00:00,38903.39922
2016-05-03 00:00:00,38928.60234
2016-05-04 00:00:00,38947.50078
2016-05-05 00:00:00,38966.7039
2016-05-06 00:00:00,38990.2039
2016-05-07 00:00:00,39016.50078
2016-05-08 00:00:00,39039.10234
2016-05-09 00:00:00,39059.2039
2016-05-10 00:00:00,39079.00078
2016-05-11 00:00:00,39101.39922
2016-05-12 00:00:00,39124.00078
2016-05-13 00:00:00,39145.50078
2016-05-14 00:00:00,39162.2039
2016-05-15 00:00:00,39177.2039
2016-05-16 00:00:00,39192.60234
2016-05-17 00:00:00,39209.79765
2016-05-18 00:00:00,39230.00078
2016-05-19 00:00:00,39252.7039
2016-05-20 00:00:00,39268.00078
2016-05-21 00:00:00,39283.50078
2016-05-22 00:00:00,39302.79765
2016-05-23 00:00:00,39321.79765
2016-05-24 00:00:00,39335.00078
2016-05-25 00:00:00,39349.79765
2016-05-26 00:00:00,39366.2039
2016-05-27 00:00:00,39381.00078
2016-05-28 00:00:00,39396.39922
2016-05-29 00:00:00,39413.89922
2016-05-30 00:00:00,39431.50078
2016-05-31 00:00:00,39449.29765
2016-06-01 00:00:00,39462.00078
2016-06-02 00:00:00,39475.39922
2016-06-03 00:00:00,39490.00078
2016-06-04 00:00:00,39504.7039
2016-06-05 00:00:00,39518.2039
2016-06-06 00:00:00,39529.29765
2016-06-07 00:00:00,39541.29765
2016-06-08 00:00:00,39554.2039
2016-06-09 00:00:00,39567.29765
2016-06-10 00:00:00,39582.00078
2016-06-11 00:00:00,39598.60234
2016-06-12 00:00:00,39613.89922
2016-06-13 00:00:00,39630.50078
2016-06-14 00:00:00,39648.50078
2016-06-15 00:00:00,39664.89922
2016-06-16 00:00:00,39678.29765
2016-06-17 00:00:00,39690.39922
2016-06-18 00:00:00,39700.60234
2016-06-19 00:00:00,39708.50078
2016-06-20 00:00:00,39716.79765
2016-06-21 00:00:00,39732.79765
2016-06-22 00:00:00,39743.2039
2016-06-23 00:00:00,39753.60234
2016-06-24 00:00:00,39767.39922
2016-06-25 00:00:00,39778.79765
2016-06-26 00:00:00,39791.89922
2016-06-27 00:00:00,39803.60234
2016-06-28 00:00:00,39814.50078
2016-06-29 00:00:00,39828.2039
2016-06-30 00:00:00,39842.00078
2016-07-01 00:00:00,39853.79765
2016-07-02 00:00:00,39866.39922
2016-07-03 00:00:00,39875.60234
2016-07-04 00:00:00,39883.39922
2016-07-05 00:00:00,39894.10234
2016-07-06 00:00:00,39906.2039
2016-07-07 00:00:00,39914.10234
2016-07-08 00:00:00,39925.50078
2016-07-09 00:00:00,39938.2039
2016-07-10 00:00:00,39948.79765
2016-07-11 00:00:00,39963.60234
2016-07-12 00:00:00,39975.39922
2016-07-13 00:00:00,39984.7039
2016-07-14 00:00:00,39992.89922
2016-07-15 00:00:00,39999.79765
2016-07-16 00:00:00,40007.60234
2016-07-17 00:00:00,40017.79765
2016-07-18 00:00:00,40028.2039
2016-07-19 00:00:00,40037.7039
2016-07-20 00:00:00,40048.60234
2016-07-21 00:00:00,40062.60234
2016-07-22 00:00:00,40071.39922
2016-07-23 00:00:00,40079.79765
2016-07-24 00:00:00,40088.29765
2016-07-25 00:00:00,40097.79765
2016-07-26 00:00:00,40107.00078
2016-07-27 00:00:00,40115.79765
2016-07-28 00:00:00,40127.50078
2016-07-29 00:00:00,40138.50078
2016-07-30 00:00:00,40149.89922
2016-07-31 00:00:00,40158.7039
2016-08-01 00:00:00,40166.50078
2016-08-02 00:00:00,40174.39922
2016-08-03 00:00:00,40186.39922
2016-08-04 00:00:00,40198.50078
2016-08-05 00:00:00,40207.29765
2016-08-06 00:00:00,40211.7039
2016-08-07 00:00:00,40216.10234
2016-08-08 00:00:00,40226.2039
2016-08-09 00:00:00,40235.7039
2016-08-10 00:00:00,40243.39922
2016-08-11 00:00:00,40251.29765
2016-08-12 00:00:00,40262.00078
2016-08-13 00:00:00,40269.50078
2016-08-14 00:00:00,40277.7039
2016-08-15 00:00:00,40284.2039
2016-08-16 00:00:00,40292.10234
2016-08-17 00:00:00,40302.60234
2016-08-18 00:00:00,40314.2039
2016-08-19 00:00:00,40325.00078
2016-08-20 00:00:00,40335.89922
2016-08-21 00:00:00,40344.29765
2016-08-22 00:00:00,40350.10234
2016-08-23 00:00:00,40354.2039
2016-08-24 00:00:00,40360.39922
2016-08-25 00:00:00,40370.29765
2016-08-26 00:00:00,40381.39922
2016-08-27 00:00:00,40388.10234
2016-08-28 00:00:00,40397.10234
2016-08-29 00:00:00,40407.10234
2016-08-30 00:00:00,40411.39922
2016-08-31 00:00:00,40416.79765
2016-09-01 00:00:00,40426.2039
2016-09-02 00:00:00,40433.2039
2016-09-03 00:00:00,40442.79765
2016-09-04 00:00:00,40453.10234
2016-09-05 00:00:00,40464.10234
2016-09-06 00:00:00,40467.60234
2016-09-07 00:00:00,40472.29765
2016-09-08 00:00:00,40482.39922
2016-09-09 00:00:00,40493.79765
2016-09-10 00:00:00,40500.00078
2016-09-11 00:00:00,40508.89922
2016-09-12 00:00:00,40515.2039
2016-09-13 00:00:00,40523.50078
2016-09-14 00:00:00,40532.89922
2016-09-15 00:00:00,40540.89922
2016-09-16 00:00:00,40550.10234
2016-09-17 00:00:00,40557.79765
2016-09-18 00:00:00,40562.39922
2016-09-19 00:00:00,40568.39922
2016-09-20 00:00:00,40574.39922
2016-09-21 00:00:00,40581.29765
2016-09-22 00:00:00,40588.29765
2016-09-23 00:00:00,40595.39922
2016-09-24 00:00:00,40600.50078
2016-09-25 00:00:00,40609.10234
2016-09-26 00:00:00,40618.00078
2016-09-27 00:00:00,40622.29765
2016-09-28 00:00:00,40628.50078
2016-09-29 00:00:00,40636.89922
2016-09-30 00:00:00,40648.7039
2016-10-01 00:00:00,40656.89922
2016-10-02 00:00:00,40667.29765
2016-10-03 00:00:00,40673.7039
2016-10-04 00:00:00,40674.7039
2016-10-05 00:00:00,40675.7039
2016-10-06 00:00:00,40680.29765
2016-10-07 00:00:00,40689.79765
2016-10-08 00:00:00,40698.50078
2016-10-09 00:00:00,40704.39922
2016-10-10 00:00:00,40711.2039
2016-10-11 00:00:00,40718.60234
2016-10-12 00:00:00,40726.39922
2016-10-13 00:00:00,40733.7039
2016-10-14 00:00:00,40743.50078
2016-10-15 00:00:00,40755.29765
2016-10-16 00:00:00,40762.00078
2016-10-17 00:00:00,40766.00078
2016-10-18 00:00:00,40771.2039
2016-10-19 00:00:00,40779.79765
2016-10-20 00:00:00,40787.79765
2016-10-21 00:00:00,40794.2039
2016-10-22 00:00:00,40800.79765
2016-10-23 00:00:00,40807.60234
2016-10-24 00:00:00,40815.29765
2016-10-25 00:00:00,40821.7039
2016-10-26 00:00:00,40824.10234
2016-10-27 00:00:00,40828.2039
2016-10-28 00:00:00,40833.39922
2016-10-29 00:00:00,40838.50078
2016-10-30 00:00:00,40844.10234
2016-10-31 00:00:00,40852.29765
2016-11-01 00:00:00,40861.60234
2016-11-02 00:00:00,40872.89922
2016-11-03 00:00:00,40882.7039
2016-11-04 00:00:00,40891.60234
2016-11-05 00:00:00,40906.10234
2016-11-06 00:00:00,40920.7039
2016-11-07 00:00:00,40931.7039
2016-11-08 00:00:00,40935.79765
2016-11-09 00:00:00,40944.60234
2016-11-10 00:00:00,40956.29765
2016-11-11 00:00:00,40963.7039
2016-11-12 00:00:00,40965.29765
2016-11-13 00:00:00,40971.39922
2016-11-14 00:00:00,40976.39922
2016-11-15 00:00:00,40983.50078
2016-11-16 00:00:00,40993.7039
2016-11-17 00:00:00,41008.2039
2016-11-18 00:00:00,41025.29765
2016-11-19 00:00:00,41035.89922
2016-11-20 00:00:00,41042.7039
2016-11-21 00:00:00,41056.10234
2016-11-22 00:00:00,41064.2039
2016-11-23 00:00:00,41067.10234
2016-11-24 00:00:00,41069.10234
2016-11-25 00:00:00,41072.7039
2016-11-26 00:00:00,41079.79765
2016-11-27 00:00:00,41088.89922
2016-11-28 00:00:00,41094.89922
2016-11-29 00:00:00,41097.79765
2016-11-30 00:00:00,41103.7039
2016-12-01 00:00:00,41113.00078
2016-12-02 00:00:00,41123.60234
2016-12-03 00:00:00,41131.50078
2016-12-04 00:00:00,41138.29765
2016-12-05 00:00:00,41145.50078
2016-12-06 00:00:00,41153.60234
2016-12-07 00:00:00,41160.2039
2016-12-08 00:00:00,41169.29765
2016-12-09 00:00:00,41178.50078
2016-12-10 00:00:00,41186.7039
2016-12-11 00:00:00,41198.00078
2016-12-12 00:00:00,41205.89922
2016-12-13 00:00:00,41212.10234
2016-12-14 00:00:00,41221.10234
2016-12-15 00:00:00,41228.50078
2016-12-16 00:00:00,41236.29765
2016-12-17 00:00:00,41241.79765
2016-12-18 00:00:00,41245.7039
2016-12-19 00:00:00,41254.00078
2016-12-20 00:00:00,41264.29765
2016-12-21 00:00:00,41275.7039
2016-12-22 00:00:00,41284.79765
2016-12-23 00:00:00,41291.29765
2016-12-24 00:00:00,41301.10234
2016-12-25 00:00:00,41310.89922
2016-12-26 00:00:00,41320.79765
2016-12-27 00:00:00,41326.2039
2016-12-28 00:00:00,41328.00078
2016-12-29 00:00:00,41333.2039
2016-12-30 00:00:00,41342.50078
2016-12-31 00:00:00,41352.7039
2017-01-01 00:00:00,41365.39922
2017-01-02 00:00:00,41379.79765
2017-01-03 00:00:00,41386.89922
2017-01-04 00:00:00,41398.60234
2017-01-05 00:00:00,41406.10234
2017-01-06 00:00:00,41407.7039
2017-01-07 00:00:00,41414.7039
2017-01-08 00:00:00,41426.50078
2017-01-09 00:00:00,41435.10234
2017-01-10 00:00:00,41452.50078
2017-01-11 00:00:00,41466.10234
2017-01-12 00:00:00,41476.29765
2017-01-13 00:00:00,41491.50078
2017-01-14 00:00:00,41497.2039
2017-01-15 00:00:00,41498.2039
2017-01-16 00:00:00,41501.79765
2017-01-17 00:00:00,41504.2039
2017-01-18 00:00:00,41508.7039
2017-01-19 00:00:00,41517.7039
2017-01-20 00:00:00,41530.60234
2017-01-21 00:00:00,41544.39922
2017-01-22 00:00:00,41560.10234
2017-01-23 00:00:00,41575.50078
2017-01-24 00:00:00,41590.89922
2017-01-25 00:00:00,41603.89922
2017-01-26 00:00:00,41619.2039
2017-01-27 00:00:00,41638.29765
2017-01-28 00:00:00,41656.42873
2017-01-29 00:00:00,41674.11648
2017-01-30 00:00:00,41691.80422
2017-01-31 00:00:00,41709.49196
2017-02-01 00:00:00,41727.17971
2017-02-02 00:00:00,41747.10234
2017-02-03 00:00:00,41767.60234
2017-02-04 00:00:00,41788.10234
2017-02-05 00:00:00,41806.2039
2017-02-06 00:00:00,41820.7039
2017-02-07 00:00:00,41831.50078
2017-02-08 00:00:00,41846.89922
2017-02-09 00:00:00,41858.10234
2017-02-10 00:00:00,41873.00078
2017-02-11 00:00:00,41889.79765
2017-02-12 00:00:00,41889.79765
2017-02-13 00:00:00,41889.79765
2017-02-14 00:00:00,41889.79765
2017-02-15 00:00:00,41889.79765
2017-02-16 00:00:00,41889.79765
2017-02-17 00:00:00,41924.39922
2017-02-18 00:00:00,41955.79765
2017-02-19 00:00:00,41981.29765
2017-02-20 00:00:00,42006.2039
2017-02-21 00:00:00,42031.50078
2017-02-22 00:00:00,42054.50078
2017-02-23 00:00:00,42079.39922
2017-02-24 00:00:00,42108.60234
2017-02-25 00:00:00,42119.00078
2017-02-26 00:00:00,42140.79765
2017-02-27 00:00:00,42165.7039
2017-02-28 00:00:00,42198.00078
2017-03-01 00:00:00,42224.60234
2017-03-02 00:00:00,42248.89922
2017-03-03 00:00:00,42272.00078
2017-03-04 00:00:00,42307.7039
2017-03-05 00:00:00,42348.2039
2017-03-06 00:00:00,42388.2039
2017-03-07 00:00:00,42426.60234
2017-03-08 00:00:00,42463.79765
2017-03-09 00:00:00,42508.10234
2017-03-10 00:00:00,42547.89922
2017-03-11 00:00:00,42588.79765
2017-03-12 00:00:00,42634.50078
2017-03-13 00:00:00,42679.00078
2017-03-14 00:00:00,42717.00078
2017-03-15 00:00:00,42757.50078
2017-03-16 00:00:00,42797.89922
2017-03-17 00:00:00,42843.89922
2017-03-18 00:00:00,42889.29765
2017-03-19 00:00:00,42930.7039
2017-03-20 00:00:00,42971.7039
2017-03-21 00:00:00,43011.50078
2017-03-22 00:00:00,43045.60234
2017-03-23 00:00:00,43079.60234
2017-03-24 00:00:00,43110.7039
2017-03-25 00:00:00,43138.7039
2017-03-26 00:00:00,43171.60234
2017-03-27 00:00:00,43203.00078
2017-03-28 00:00:00,43235.7039
2017-03-29 00:00:00,43267.29765
2017-03-30 00:00:00,43296.29765
2017-03-31 00:00:00,43326.7039
2017-04-01 00:00:00,43359.50078
2017-04-02 00:00:00,43388.60234
2017-04-03 00:00:00,43411.60234
2017-04-04 00:00:00,43436.79765
2017-04-05 00:00:00,43463.10234
2017-04-06 00:00:00,43487.89922
2017-04-07 00:00:00,43512.29765
2017-04-08 00:00:00,43538.10234
2017-04-09 00:00:00,43562.89922
2017-04-10 00:00:00,43589.50078
2017-04-11 00:00:00,43611.29765
2017-04-12 00:00:00,43634.39922
2017-04-13 00:00:00,43661.50078
2017-04-14 00:00:00,43683.50078
2017-04-15 00:00:00,43706.39922
2017-04-16 00:00:00,43727.60234
2017-04-17 00:00:00,43746.89922
2017-04-18 00:00:00,43765.89922
2017-04-19 00:00:00,43781.2039
2017-04-20 00:00:00,43796.89922
2017-04-21 00:00:00,43816.50078
2017-04-22 00:00:00,43838.29765
2017-04-23 00:00:00,43857.7039
2017-04-24 00:00:00,43877.00078
2017-04-25 00:00:00,43902.50078
2017-04-26 00:00:00,43922.79765
2017-04-27 00:00:00,43938.79765
2017-04-28 00:00:00,43956.29765
2017-04-29 00:00:00,43973.60234
2017-04-30 00:00:00,43989.60234
2017-05-01 00:00:00,44011.10234
2017-05-02 00:00:00,44026.10234
2017-05-03 00:00:00,44039.89922
2017-05-04 00:00:00,44054.2039
2017-05-05 00:00:00,44068.79765
2017-05-06 00:00:00,44085.00078
2017-05-07 00:00:00,44104.00078
2017-05-08 00:00:00,44117.39922
2017-05-09 00:00:00,44129.60234
2017-05-10 00:00:00,44145.89922
2017-05-11 00:00:00,44166.10234
2017-05-12 00:00:00,44187.00078
2017-05-13 00:00:00,44201.39922
2017-05-14 00:00:00,44211.39922
2017-05-15 00:00:00,44220.2039
2017-05-16 00:00:00,44230.00078
2017-05-17 00:00:00,44243.50078
2017-05-18 00:00:00,44262.2039
2017-05-19 00:00:00,44277.10234
2017-05-20 00:00:00,44291.00078
2017-05-21 00:00:00,44299.60234
2017-05-22 00:00:00,44309.79765
2017-05-23 00:00:00,44325.60234
2017-05-24 00:00:00,44337.29765
2017-05-25 00:00:00,44347.60234
2017-05-26 00:00:00,44359.00078
2017-05-27 00:00:00,44372.7039
2017-05-28 00:00:00,44386.89922
2017-05-29 00:00:00,44398.50078
2017-05-30 00:00:00,44413.39922
2017-05-31 00:00:00,44424.29765
2017-06-01 00:00:00,44432.29765
2017-06-02 00:00:00,44443.60234
2017-06-03 00:00:00,44456.7039
2017-06-04 00:00:00,44470.2039
2017-06-05 00:00:00,44480.79765
2017-06-06 00:00:00,44495.39922
2017-06-07 00:00:00,44512.7039
2017-06-08 00:00:00,44520.00078
2017-06-09 00:00:00,44529.60234
2017-06-10 00:00:00,44539.79765
2017-06-11 00:00:00,44547.79765
2017-06-12 00:00:00,44560.60234
2017-06-13 00:00:00,44570.10234
2017-06-14 00:00:00,44578.39922
2017-06-15 00:00:00,44588.89922
2017-06-16 00:00:00,44601.60234
2017-06-17 00:00:00,44608.10234
2017-06-18 00:00:00,44615.79765
2017-06-19 00:00:00,44625.79765
2017-06-20 00:00:00,44638.10234
2017-06-21 00:00:00,44647.7039
2017-06-22 00:00:00,44659.50078
2017-06-23 00:00:00,44672.89922
2017-06-24 00:00:00,44681.39922
2017-06-25 00:00:00,44692.39922
2017-06-26 00:00:00,44703.10234
2017-06-27 00:00:00,44711.39922
2017-06-28 00:00:00,44724.2039
2017-06-29 00:00:00,44740.79765
2017-06-30 00:00:00,44750.79765
2017-07-01 00:00:00,44758.10234
2017-07-02 00:00:00,44763.39922
2017-07-03 00:00:00,44768.10234
2017-07-04 00:00:00,44776.10234
2017-07-05 00:00:00,44784.10234
2017-07-06 00:00:00,44793.10234
2017-07-07 00:00:00,44803.10234
2017-07-08 00:00:00,44812.60234
2017-07-09 00:00:00,44820.39922
2017-07-10 00:00:00,44830.79765
2017-07-11 00:00:00,44842.60234
2017-07-12 00:00:00,44851.29765
2017-07-13 00:00:00,44858.00078
2017-07-14 00:00:00,44863.50078
2017-07-15 00:00:00,44873.00078
2017-07-16 00:00:00,44879.39922
2017-07-17 00:00:00,44887.10234
2017-07-18 00:00:00,44894.29765
2017-07-19 00:00:00,44904.50078
2017-07-20 00:00:00,44918.00078
2017-07-21 00:00:00,44927.29765
2017-07-22 00:00:00,44934.39922
2017-07-23 00:00:00,44943.2039
2017-07-24 00:00:00,44951.60234
2017-07-25 00:00:00,44959.89922
2017-07-26 00:00:00,44968.00078
2017-07-27 00:00:00,44977.7039
2017-07-28 00:00:00,44986.79765
2017-07-29 00:00:00,44993.50078
2017-07-30 00:00:00,45001.60234
2017-07-31 00:00:00,45010.00078
2017-08-01 00:00:00,45015.29765
2017-08-02 00:00:00,45021.29765
2017-08-03 00:00:00,45028.89922
2017-08-04 00:00:00,45039.60234
2017-08-05 00:00:00,45046.50078
2017-08-06 00:00:00,45051.7039
2017-08-07 00:00:00,45055.7039
2017-08-08 00:00:00,45064.00078
2017-08-09 00:00:00,45075.89922
2017-08-10 00:00:00,45080.79765
2017-08-11 00:00:00,45085.2039
2017-08-12 00:00:00,45094.00078
2017-08-13 00:00:00,45102.39922
2017-08-14 00:00:00,45106.7039
2017-08-15 00:00:00,45114.2039
2017-08-16 00:00:00,45122.39922
2017-08-17 00:00:00,45126.79765
2017-08-18 00:00:00,45136.2039
2017-08-19 00:00:00,45144.7039
2017-08-20 00:00:00,45149.50078
2017-08-21 00:00:00,45152.60234
2017-08-22 00:00:00,45158.39922
2017-08-23 00:00:00,45165.7039
2017-08-24 00:00:00,45175.29765
2017-08-25 00:00:00,45181.7039
2017-08-26 00:00:00,45187.7039
2017-08-27 00:00:00,45194.89922
2017-08-28 00:00:00,45200.10234
2017-08-29 00:00:00,45206.79765
2017-08-30 00:00:00,45215.89922
2017-08-31 00:00:00,45224.79765
2017-09-01 00:00:00,45227.2039
2017-09-02 00:00:00,45230.2039
2017-09-03 00:00:00,45235.39922
2017-09-04 00:00:00,45243.29765
2017-09-05 00:00:00,45249.60234
2017-09-06 00:00:00,45256.10234
2017-09-07 00:00:00,45261.7039
2017-09-08 00:00:00,45269.10234
2017-09-09 00:00:00,45282.10234
2017-09-10 00:00:00,45289.89922
2017-09-11 00:00:00,45296.60234
2017-09-12 00:00:00,45305.2039
2017-09-13 00:00:00,45307.29765
2017-09-14 00:00:00,45315.7039
2017-09-15 00:00:00,45319.60234
2017-09-16 00:00:00,45321.50078
2017-09-17 00:00:00,45325.29765
2017-09-18 00:00:00,45329.39922
2017-09-19 00:00:00,45335.10234
2017-09-20 00:00:00,45339.29765
2017-09-21 00:00:00,45346.60234
2017-09-22 00:00:00,45355.60234
2017-09-23 00:00:00,45364.89922
2017-09-24 00:00:00,45374.89922
2017-09-25 00:00:00,45387.00078
2017-09-26 00:00:00,45400.29765
2017-09-27 00:00:00,45413.2039
2017-09-28 00:00:00,45427.39922
2017-09-29 00:00:00,45442.10234
2017-09-30 00:00:00,45458.60234
2017-10-01 00:00:00,45473.60234
2017-10-02 00:00:00,45489.50078
2017-10-03 00:00:00,45508.00078
2017-10-04 00:00:00,45519.39922
2017-10-05 00:00:00,45533.60234
2017-10-06 00:00:00,45549.89922
2017-10-07 00:00:00,45561.00078
2017-10-08 00:00:00,45579.50078
2017-10-09 00:00:00,45591.50078
2017-10-10 00:00:00,45607.00078
2017-10-11 00:00:00,45623.60234
2017-10-12 00:00:00,45640.60234
2017-10-13 00:00:00,45652.2039
2017-10-14 00:00:00,45666.00078
2017-10-15 00:00:00,45680.39922
2017-10-16 00:00:00,45698.29765
2017-10-17 00:00:00,45715.7039
2017-10-18 00:00:00,45732.60234
2017-10-19 00:00:00,45752.2039
2017-10-20 00:00:00,45772.10234
2017-10-21 00:00:00,45790.29765
2017-10-22 00:00:00,45808.50078
2017-10-23 00:00:00,45824.89922
2017-10-24 00:00:00,45838.39922
2017-10-25 00:00:00,45855.2039
2017-10-26 00:00:00,45870.60234
2017-10-27 00:00:00,45887.29765
2017-10-28 00:00:00,45902.50078
2017-10-29 00:00:00,45928.10234
2017-10-30 00:00:00,45946.39922
2017-10-31 00:00:00,45963.29765
2017-11-01 00:00:00,45985.60234
2017-11-02 00:00:00,46009.2039
2017-11-03 00:00:00,46031.7039
2017-11-04 00:00:00,46054.10234
2017-11-05 00:00:00,46080.60234
2017-11-06 00:00:00,46099.10234
2017-11-07 00:00:00,46114.50078
2017-11-08 00:00:00,46136.89922
2017-11-09 00:00:00,46157.7039
2017-11-10 00:00:00,46179.89922
2017-11-11 00:00:00,46204.39922
2017-11-12 00:00:00,46228.29765
2017-11-13 00:00:00,46251.39922
2017-11-14 00:00:00,46266.39922
2017-11-15 00:00:00,46285.79765
2017-11-16 00:00:00,46305.39922
2017-11-17 00:00:00,46327.39922
2017-11-18 00:00:00,46348.2039
2017-11-19 00:00:00,46373.89922
2017-11-20 00:00:00,46394.79765
2017-11-21 00:00:00,46420.7039
2017-11-22 00:00:00,46445.50078
2017-11-23 00:00:00,46473.29765
2017-11-24 00:00:00,46498.60234
2017-11-25 00:00:00,46523.29765
2017-11-26 00:00:00,46551.50078
2017-11-27 00:00:00,46579.89922
2017-11-28 00:00:00,46618.60234
2017-11-29 00:00:00,46657.2039
2017-11-30 00:00:00,46699.29765
2017-12-01 00:00:00,46747.10234
2017-12-02 00:00:00,46790.89922
2017-12-03 00:00:00,46841.29765
2017-12-04 00:00:00,46895.79765
2017-12-05 00:00:00,46948.7039
2017-12-06 00:00:00,47004.29765
2017-12-07 00:00:00,47063.29765
2017-12-08 00:00:00,47126.79765
2017-12-09 00:00:00,47182.2039
2017-12-10 00:00:00,47238.60234
2017-12-11 00:00:00,47307.89922
2017-12-12 00:00:00,47368.89922
2017-12-13 00:00:00,47424.2039
2017-12-14 00:00:00,47499.10234
2017-12-15 00:00:00,47573.29765
2017-12-16 00:00:00,47649.79765
2017-12-17 00:00:00,47730.29765
2017-12-18 00:00:00,47817.39922
2017-12-19 00:00:00,47902.50078
2017-12-20 00:00:00,47989.89922
2017-12-21 00:00:00,48077.2039
2017-12-22 00:00:00,48162.60234
2017-12-23 00:00:00,48245.2039
2017-12-24 00:00:00,48328.89922
2017-12-25 00:00:00,48411.7039
2017-12-26 00:00:00,48494.79765
2017-12-27 00:00:00,48576.89922
2017-12-28 00:00:00,48656.7039
2017-12-29 00:00:00,48724.29765
2017-12-30 00:00:00,48784.2039
2017-12-31 00:00:00,48826.79765
2018-01-01 00:00:00,48909.29765
2018-01-02 00:00:00,48980.29765
2018-01-03 00:00:00,49049.89922
2018-01-04 00:00:00,49123.79765
2018-01-05 00:00:00,49201.2039
2018-01-06 00:00:00,49281.00078
2018-01-07 00:00:00,49359.00078
2018-01-08 00:00:00,49437.79765
2018-01-09 00:00:00,49525.00078
2018-01-10 00:00:00,49616.10234
2018-01-11 00:00:00,49702.2039
2018-01-12 00:00:00,49780.7039
2018-01-13 00:00:00,49857.7039
2018-01-14 00:00:00,49935.79765
2018-01-15 00:00:00,50013.10234
2018-01-16 00:00:00,50098.39922
2018-01-17 00:00:00,50174.39922
2018-01-18 00:00:00,50241.79765
2018-01-19 00:00:00,50312.39922
2018-01-20 00:00:00,50377.29765
2018-01-21 00:00:00,50447.60234
2018-01-22 00:00:00,50514.7039
2018-01-23 00:00:00,50585.89922
2018-01-24 00:00:00,50657.50078
2018-01-25 00:00:00,50733.89922
2018-01-26 00:00:00,50807.2039
2018-01-27 00:00:00,50875.50078
2018-01-28 00:00:00,50946.50078
2018-01-29 00:00:00,51017.2039
2018-01-30 00:00:00,51089.60234
2018-01-31 00:00:00,51162.60234
2018-02-01 00:00:00,51245.29765
2018-02-02 00:00:00,51321.39922
2018-02-03 00:00:00,51391.7039
2018-02-04 00:00:00,51462.7039
2018-02-05 00:00:00,51526.10234
2018-02-06 00:00:00,51594.7039
2018-02-07 00:00:00,51670.10234
2018-02-08 00:00:00,51741.00078
2018-02-09 00:00:00,51811.79765
2018-02-10 00:00:00,51884.89922
2018-02-11 00:00:00,51957.89922
2018-02-12 00:00:00,52032.10234
2018-02-13 00:00:00,52097.10234
2018-02-14 00:00:00,52164.10234
2018-02-15 00:00:00,52229.00078
2018-02-16 00:00:00,52289.79765
2018-02-17 00:00:00,52346.29765
2018-02-18 00:00:00,52404.7039
2018-02-19 00:00:00,52459.50078
2018-02-20 00:00:00,52520.10234
2018-02-21 00:00:00,52574.39922
2018-02-22 00:00:00,52626.89922
2018-02-23 00:00:00,52680.00078
2018-02-24 00:00:00,52733.7039
2018-02-25 00:00:00,52782.60234
2018-02-26 00:00:00,52830.2039
2018-02-27 00:00:00,52878.7039
2018-02-28 00:00:00,52929.50078
2018-03-01 00:00:00,52978.39922
2018-03-02 00:00:00,53032.7039
2018-03-03 00:00:00,53085.50078
2018-03-04 00:00:00,53136.00078
2018-03-05 00:00:00,53188.10234
2018-03-06 00:00:00,53236.10234
2018-03-07 00:00:00,53281.39922
2018-03-08 00:00:00,53324.89922
2018-03-09 00:00:00,53367.29765
2018-03-10 00:00:00,53406.2039
2018-03-11 00:00:00,53449.00078
2018-03-12 00:00:00,53492.10234
2018-03-13 00:00:00,53532.50078
2018-03-14 00:00:00,53563.39922
2018-03-15 00:00:00,53599.10234
2018-03-16 00:00:00,53639.10234
2018-03-17 00:00:00,53670.39922
2018-03-18 00:00:00,53702.79765
2018-03-19 00:00:00,53734.50078
2018-03-20 00:00:00,53765.7039
2018-03-21 00:00:00,53793.39922
2018-03-22 00:00:00,53825.39922
2018-03-23 00:00:00,53864.00078
2018-03-24 00:00:00,53903.50078
2018-03-25 00:00:00,53938.39922
2018-03-26 00:00:00,53968.7039
2018-03-27 00:00:00,53999.00078
2018-03-28 00:00:00,54037.2039
2018-03-29 00:00:00,54075.50078
2018-03-30 00:00:00,54108.89922
2018-03-31 00:00:00,54146.2039
2018-04-01 00:00:00,54180.00078
2018-04-02 00:00:00,54208.79765
2018-04-03 00:00:00,54246.2039
2018-04-04 00:00:00,54281.89922
2018-04-05 00:00:00,54316.10234
2018-04-06 00:00:00,54343.89922
2018-04-07 00:00:00,54385.29765
2018-04-08 00:00:00,54435.50078
2018-04-09 00:00:00,54489.50078
2018-04-10 00:00:00,54548.2039
2018-04-11 00:00:00,54608.00078
2018-04-12 00:00:00,54667.89922
2018-04-13 00:00:00,54731.00078
2018-04-14 00:00:00,54788.29765
2018-04-15 00:00:00,54844.10234
2018-04-16 00:00:00,54904.79765
2018-04-17 00:00:00,54959.00078
2018-04-18 00:00:00,55010.50078
2018-04-19 00:00:00,55061.2039
2018-04-20 00:00:00,55114.89922
2018-04-21 00:00:00,55167.00078
2018-04-22 00:00:00,55218.10234
2018-04-23 00:00:00,55269.79765
2018-04-24 00:00:00,55314.89922
2018-04-25 00:00:00,55362.00078
2018-04-26 00:00:00,55407.00078
2018-04-27 00:00:00,55448.89922
2018-04-28 00:00:00,55493.50078
2018-04-29 00:00:00,55535.00078
2018-04-30 00:00:00,55577.2039
2018-05-01 00:00:00,55622.89922
2018-05-02 00:00:00,55658.10234
2018-05-03 00:00:00,55698.10234
2018-05-04 00:00:00,55731.2039
2018-05-05 00:00:00,55764.60234
2018-05-06 00:00:00,55794.7039
2018-05-07 00:00:00,55824.10234
2018-05-08 00:00:00,55862.79765
2018-05-09 00:00:00,55902.00078
2018-05-10 00:00:00,55939.00078
2018-05-11 00:00:00,55969.79765
2018-05-12 00:00:00,55997.2039
2018-05-13 00:00:00,56031.10234
2018-05-14 00:00:00,56061.79765
2018-05-15 00:00:00,56090.89922
2018-05-16 00:00:00,56123.7039
2018-05-17 00:00:00,56152.60234
2018-05-18 00:00:00,56181.29765
2018-05-19 00:00:00,56208.39922
2018-05-20 00:00:00,56237.50078
2018-05-21 00:00:00,56252.7039
2018-05-22 00:00:00,56285.2039
2018-05-23 00:00:00,56317.39922
2018-05-24 00:00:00,56344.29765
2018-05-25 00:00:00,56373.10234
2018-05-26 00:00:00,56400.39922
2018-05-27 00:00:00,56426.39922
2018-05-28 00:00:00,56453.89922
2018-05-29 00:00:00,56479.50078
2018-05-30 00:00:00,56508.00078
2018-05-31 00:00:00,56533.00078
2018-06-01 00:00:00,56557.79765
2018-06-02 00:00:00,56581.7039
2018-06-03 00:00:00,56605.2039
2018-06-04 00:00:00,56628.79765
2018-06-05 00:00:00,56653.50078
2018-06-06 00:00:00,56676.79765
2018-06-07 00:00:00,56700.29765
2018-06-08 00:00:00,56722.79765
2018-06-09 00:00:00,56745.10234
2018-06-10 00:00:00,56767.7039
2018-06-11 00:00:00,56789.7039
2018-06-12 00:00:00,56811.79765
2018-06-13 00:00:00,56832.79765
2018-06-14 00:00:00,56853.7039
2018-06-15 00:00:00,56875.89922
2018-06-16 00:00:00,56896.00078
2018-06-17 00:00:00,56917.29765
2018-06-18 00:00:00,56936.50078
2018-06-19 00:00:00,56955.7039
2018-06-20 00:00:00,56973.39922
2018-06-21 00:00:00,56994.50078
2018-06-22 00:00:00,57012.39922
2018-06-23 00:00:00,57029.10234
2018-06-24 00:00:00,57048.00078
2018-06-25 00:00:00,57067.10234
2018-06-26 00:00:00,57084.79765
2018-06-27 00:00:00,57102.60234
2018-06-28 00:00:00,57121.00078
2018-06-29 00:00:00,57139.89922
2018-06-30 00:00:00,57159.79765
2018-07-01 00:00:00,57179.60234
2018-07-02 00:00:00,57198.50078
2018-07-03 00:00:00,57216.89922
2018-07-04 00:00:00,57235.7039
2018-07-05 00:00:00,57255.79765
2018-07-06 00:00:00,57274.10234
2018-07-07 00:00:00,57289.89922
2018-07-08 00:00:00,57306.00078
2018-07-09 00:00:00,57322.79765
2018-07-10 00:00:00,57341.00078
2018-07-11 00:00:00,57360.60234
2018-07-12 00:00:00,57378.50078
2018-07-13 00:00:00,57395.39922
2018-07-14 00:00:00,57411.79765
2018-07-15 00:00:00,57429.10234
2018-07-16 00:00:00,57448.00078
2018-07-17 00:00:00,57467.10234
2018-07-18 00:00:00,57483.39922
2018-07-19 00:00:00,57499.2039
2018-07-20 00:00:00,57515.7039
2018-07-21 00:00:00,57534.29765
2018-07-22 00:00:00,57551.79765
2018-07-23 00:00:00,57567.39922
2018-07-24 00:00:00,57583.10234
2018-07-25 00:00:00,57602.2039
2018-07-26 00:00:00,57617.60234
2018-07-27 00:00:00,57634.7039
2018-07-28 00:00:00,57652.89922
2018-07-29 00:00:00,57669.10234
2018-07-30 00:00:00,57684.89922
2018-07-31 00:00:00,57699.89922
2018-08-01 00:00:00,57713.2039
2018-08-02 00:00:00,57729.50078
2018-08-03 00:00:00,57746.2039
2018-08-04 00:00:00,57762.29765
2018-08-05 00:00:00,57777.7039
2018-08-06 00:00:00,57793.10234
2018-08-07 00:00:00,57813.10234
2018-08-08 00:00:00,57832.29765
2018-08-09 00:00:00,57846.2039
2018-08-10 00:00:00,57863.7039
2018-08-11 00:00:00,57874.89922
2018-08-12 00:00:00,57880.60234
2018-08-13 00:00:00,57880.60234
2018-08-14 00:00:00,57909.00078
2018-08-15 00:00:00,57925.60234
2018-08-16 00:00:00,57941.39922
2018-08-17 00:00:00,57958.29765
2018-08-18 00:00:00,57971.79765
2018-08-19 00:00:00,57985.60234
2018-08-20 00:00:00,58001.39922
2018-08-21 00:00:00,58014.79765
2018-08-22 00:00:00,58029.29765
2018-08-23 00:00:00,58045.00078
2018-08-24 00:00:00,58062.00078
2018-08-25 00:00:00,58077.2039
2018-08-26 00:00:00,58090.7039
2018-08-27 00:00:00,58106.39922
2018-08-28 00:00:00,58119.7039
2018-08-29 00:00:00,58130.89922
2018-08-30 00:00:00,58145.00078
2018-08-31 00:00:00,58154.89922
2018-09-01 00:00:00,58166.00078
2018-09-02 00:00:00,58176.50078
2018-09-03 00:00:00,58189.7039
2018-09-04 00:00:00,58204.79765
2018-09-05 00:00:00,58218.2039
2018-09-06 00:00:00,58231.10234
2018-09-07 00:00:00,58246.2039
2018-09-08 00:00:00,58258.89922
2018-09-09 00:00:00,58269.39922
2018-09-10 00:00:00,58281.00078
2018-09-11 00:00:00,58291.79765
2018-09-12 00:00:00,58304.2039
2018-09-13 00:00:00,58314.29765
2018-09-14 00:00:00,58325.89922
2018-09-15 00:00:00,58338.60234
2018-09-16 00:00:00,58344.60234
2018-09-17 00:00:00,58357.50078
2018-09-18 00:00:00,58372.60234
2018-09-19 00:00:00,58386.89922
2018-09-20 00:00:00,58399.39922
2018-09-21 00:00:00,58412.89922
2018-09-22 00:00:00,58426.39922
2018-09-23 00:00:00,58434.50078
2018-09-24 00:00:00,58444.89922
2018-09-25 00:00:00,58448.7039
2018-09-26 00:00:00,58456.2039
2018-09-27 00:00:00,58468.7039
2018-09-28 00:00:00,58482.7039
2018-09-29 00:00:00,58491.2039
2018-09-30 00:00:00,58491.89922
2018-10-01 00:00:00,58491.89922
2018-10-02 00:00:00,58515.39922
2018-10-03 00:00:00,58532.7039
2018-10-04 00:00:00,58542.2039
2018-10-05 00:00:00,58554.7039
2018-10-06 00:00:00,58570.00078
2018-10-07 00:00:00,58584.79765
2018-10-08 00:00:00,58591.10234
2018-10-09 00:00:00,58602.89922
2018-10-10 00:00:00,58614.00078
2018-10-11 00:00:00,58627.60234
2018-10-12 00:00:00,58640.89922
2018-10-13 00:00:00,58649.7039
2018-10-14 00:00:00,58661.29765
2018-10-15 00:00:00,58675.10234
2018-10-16 00:00:00,58684.10234
2018-10-17 00:00:00,58692.29765
2018-10-18 00:00:00,58700.79765
2018-10-19 00:00:00,58708.10234
2018-10-20 00:00:00,58717.2039
2018-10-21 00:00:00,58724.79765
2018-10-22 00:00:00,58735.60234
2018-10-23 00:00:00,58742.39922
2018-10-24 00:00:00,58756.2039
2018-10-25 00:00:00,58766.10234
2018-10-26 00:00:00,58780.00078
2018-10-27 00:00:00,58796.00078
2018-10-28 00:00:00,58804.7039
2018-10-29 00:00:00,58812.2039
2018-10-30 00:00:00,58829.29765
2018-10-31 00:00:00,58846.00078
2018-11-01 00:00:00,58849.39922
2018-11-02 00:00:00,58860.10234
2018-11-03 00:00:00,58863.00078
2018-11-04 00:00:00,58870.7039
2018-11-05 00:00:00,58884.2039
2018-11-06 00:00:00,58897.79765
2018-11-07 00:00:00,58909.7039
2018-11-08 00:00:00,58919.00078
2018-11-09 00:00:00,58923.60234
2018-11-10 00:00:00,58937.00078
2018-11-11 00:00:00,58951.00078
2018-11-12 00:00:00,58959.10234
2018-11-13 00:00:00,58964.79765
2018-11-14 00:00:00,58969.2039
2018-11-15 00:00:00,58975.7039
2018-11-16 00:00:00,58983.79765
2018-11-17 00:00:00,58990.00078
2018-11-18 00:00:00,58996.10234
2018-11-19 00:00:00,59004.79765
2018-11-20 00:00:00,59017.39922
2018-11-21 00:00:00,59031.29765
2018-11-22 00:00:00,59037.79765
2018-11-23 00:00:00,59045.79765
2018-11-24 00:00:00,59056.10234
2018-11-25 00:00:00,59066.79765
2018-11-26 00:00:00,59076.2039
2018-11-27 00:00:00,59083.50078
2018-11-28 00:00:00,59090.29765
2018-11-29 00:00:00,59100.89922
2018-11-30 00:00:00,59113.10234
2018-12-01 00:00:00,59121.60234
2018-12-02 00:00:00,59132.79765
2018-12-03 00:00:00,59145.7039
2018-12-04 00:00:00,59154.29765
2018-12-05 00:00:00,59154.50078
2018-12-06 00:00:00,59162.89922
2018-12-07 00:00:00,59172.60234
2018-12-08 00:00:00,59187.00078
2018-12-09 00:00:00,59200.29765
2018-12-10 00:00:00,59205.10234
2018-12-11 00:00:00,59205.39922
2018-12-12 00:00:00,59214.39922
2018-12-13 00:00:00,59220.29765
2018-12-14 00:00:00,59228.29765
2018-12-15 00:00:00,59235.00078
2018-12-16 00:00:00,59246.10234
2018-12-17 00:00:00,59257.89922
2018-12-18 00:00:00,59263.60234
2018-12-19 00:00:00,59274.29765
2018-12-20 00:00:00,59284.79765
2018-12-21 00:00:00,59294.10234
2018-12-22 00:00:00,59306.10234
2018-12-23 00:00:00,59309.89922
2018-12-24 00:00:00,59315.29765
2018-12-25 00:00:00,59317.39922
2018-12-26 00:00:00,59321.2039
2018-12-27 00:00:00,59328.60234
2018-12-28 00:00:00,59337.10234
2018-12-29 00:00:00,59343.10234
2018-12-30 00:00:00,59350.79765
2018-12-31 00:00:00,59356.10234
2019-01-01 00:00:00,59362.60234
2019-01-02 00:00:00,59370.2039
2019-01-03 00:00:00,59373.60234
2019-01-04 00:00:00,59379.00078
2019-01-05 00:00:00,59387.29765
2019-01-06 00:00:00,59396.00078
2019-01-07 00:00:00,59402.79765
2019-01-08 00:00:00,59415.29765
2019-01-09 00:00:00,59426.60234
2019-01-10 00:00:00,59432.60234
2019-01-11 00:00:00,59439.39922
2019-01-12 00:00:00,59447.7039
2019-01-13 00:00:00,59460.89922
2019-01-14 00:00:00,59475.29765
2019-01-15 00:00:00,59479.29765
2019-01-16 00:00:00,59488.29765
2019-01-17 00:00:00,59502.2039
2019-01-18 00:00:00,59509.89922
2019-01-19 00:00:00,59513.10234
2019-01-20 00:00:00,59521.50078
2019-01-21 00:00:00,59527.10234
2019-01-22 00:00:00,59535.50078
2019-01-23 00:00:00,59551.7039
2019-01-24 00:00:00,59561.29765
2019-01-25 00:00:00,59566.60234
2019-01-26 00:00:00,59575.60234
2019-01-27 00:00:00,59590.60234
2019-01-28 00:00:00,59607.2039
2019-01-29 00:00:00,59611.00078
2019-01-30 00:00:00,59619.29765
2019-01-31 00:00:00,59630.50078
2019-02-01 00:00:00,59639.60234
2019-02-02 00:00:00,59649.89922
2019-02-03 00:00:00,59653.39922
2019-02-04 00:00:00,59654.10234
2019-02-05 00:00:00,59659.7039
2019-02-06 00:00:00,59664.50078
2019-02-07 00:00:00,59675.50078
2019-02-08 00:00:00,59689.10234
2019-02-09 00:00:00,59702.2039
2019-02-10 00:00:00,59712.79765
2019-02-11 00:00:00,59725.79765
2019-02-12 00:00:00,59726.39922
2019-02-13 00:00:00,59729.00078
2019-02-14 00:00:00,59734.79765
2019-02-15 00:00:00,59743.60234
2019-02-16 00:00:00,59757.29765
2019-02-17 00:00:00,59771.60234
2019-02-18 00:00:00,59787.79765
2019-02-19 00:00:00,59804.10234
2019-02-20 00:00:00,59817.79765
2019-02-21 00:00:00,59831.10234
2019-02-22 00:00:00,59843.00078
2019-02-23 00:00:00,59852.60234
2019-02-24 00:00:00,59866.39922
2019-02-25 00:00:00,59880.2039
2019-02-26 00:00:00,59895.39922
2019-02-27 00:00:00,59903.7039
2019-02-28 00:00:00,59929.39922
2019-03-01 00:00:00,59952.00078
2019-03-02 00:00:00,59968.00078
2019-03-03 00:00:00,59988.50078
2019-03-04 00:00:00,60012.2039
2019-03-05 00:00:00,60032.39922
2019-03-06 00:00:00,60043.79765
2019-03-07 00:00:00,60065.10234
2019-03-08 00:00:00,60083.50078
2019-03-09 00:00:00,60092.50078
2019-03-10 00:00:00,60106.50078
2019-03-11 00:00:00,60122.7039
2019-03-12 00:00:00,60132.2039
2019-03-13 00:00:00,60155.10234
2019-03-14 00:00:00,60173.10234
2019-03-15 00:00:00,60194.39922
2019-03-16 00:00:00,60215.00078
2019-03-17 00:00:00,60242.29765
2019-03-18 00:00:00,60267.50078
2019-03-19 00:00:00,60288.60234
2019-03-20 00:00:00,60313.39922
2019-03-21 00:00:00,60340.7039
2019-03-22 00:00:00,60370.29765
2019-03-23 00:00:00,60403.60234
2019-03-24 00:00:00,60433.60234
2019-03-25 00:00:00,60468.60234
2019-03-26 00:00:00,60500.79765
2019-03-27 00:00:00,60531.89922
2019-03-28 00:00:00,60561.29765
2019-03-29 00:00:00,60591.60234
2019-03-30 00:00:00,60625.7039
2019-03-31 00:00:00,60659.89922
2019-04-01 00:00:00,60687.29765
2019-04-02 00:00:00,60721.29765
2019-04-03 00:00:00,60760.60234
2019-04-04 00:00:00,60793.60234
2019-04-05 00:00:00,60823.10234
2019-04-06 00:00:00,60850.50078
2019-04-07 00:00:00,60879.00078
2019-04-08 00:00:00,60905.89922
2019-04-09 00:00:00,60930.60234
2019-04-10 00:00:00,60954.29765
2019-04-11 00:00:00,60975.89922
2019-04-12 00:00:00,60997.39922
2019-04-13 00:00:00,61019.29765
2019-04-14 00:00:00,61042.39922
2019-04-15 00:00:00,61064.2039
2019-04-16 00:00:00,61089.10234
2019-04-17 00:00:00,61113.50078
2019-04-18 00:00:00,61133.50078
2019-04-19 00:00:00,61153.60234
2019-04-20 00:00:00,61174.39922
2019-04-21 00:00:00,61195.29765
2019-04-22 00:00:00,61220.60234
2019-04-23 00:00:00,61247.39922
2019-04-24 00:00:00,61274.2039
2019-04-25 00:00:00,61295.89922
2019-04-26 00:00:00,61313.89922
2019-04-27 00:00:00,61330.60234
2019-04-28 00:00:00,61350.50078
2019-04-29 00:00:00,61364.60234
2019-04-30 00:00:00,61381.10234
2019-05-01 00:00:00,61400.2039
2019-05-02 00:00:00,61420.00078
2019-05-03 00:00:00,61441.10234
2019-05-04 00:00:00,61459.29765
2019-05-05 00:00:00,61475.89922
2019-05-06 00:00:00,61489.60234
2019-05-07 00:00:00,61507.39922
2019-05-08 00:00:00,61526.79765
2019-05-09 00:00:00,61553.7039
2019-05-10 00:00:00,61572.10234
2019-05-11 00:00:00,61584.2039
2019-05-12 00:00:00,61594.79765
2019-05-13 00:00:00,61602.39922
2019-05-14 00:00:00,61614.60234
2019-05-15 00:00:00,61631.79765
2019-05-16 00:00:00,61650.60234
2019-05-17 00:00:00,61671.7039
2019-05-18 00:00:00,61693.29765
2019-05-19 00:00:00,61711.39922
2019-05-20 00:00:00,61726.7039
2019-05-21 00:00:00,61742.2039
2019-05-22 00:00:00,61750.60234
2019-05-23 00:00:00,61762.79765
2019-05-24 00:00:00,61779.00078
2019-05-25 00:00:00,61796.10234
2019-05-26 00:00:00,61809.2039
2019-05-27 00:00:00,61809.2039
2019-05-28 00:00:00,61833.79765
2019-05-29 00:00:00,61849.79765
2019-05-30 00:00:00,61858.7039
2019-05-31 00:00:00,61873.60234
2019-06-01 00:00:00,61880.79765
2019-06-02 00:00:00,61886.29765
2019-06-03 00:00:00,61913.79765
2019-06-04 00:00:00,61929.00078
2019-06-05 00:00:00,61948.89922
2019-06-06 00:00:00,61963.60234
2019-06-07 00:00:00,61975.7039
2019-06-08 00:00:00,61992.29765
2019-06-09 00:00:00,62003.00078
2019-06-10 00:00:00,62013.00078
2019-06-11 00:00:00,62030.50078
2019-06-12 00:00:00,62044.60234
2019-06-13 00:00:00,62059.89922
2019-06-14 00:00:00,62073.00078
2019-06-15 00:00:00,62084.39922
2019-06-16 00:00:00,62096.89922
2019-06-17 00:00:00,62107.10234
2019-06-18 00:00:00,62119.7039
2019-06-19 00:00:00,62134.7039
2019-06-20 00:00:00,62151.39922
2019-06-21 00:00:00,62161.7039
2019-06-22 00:00:00,62170.00078
2019-06-23 00:00:00,62180.39922
2019-06-24 00:00:00,62193.7039
2019-06-25 00:00:00,62206.29765
2019-06-26 00:00:00,62218.50078
2019-06-27 00:00:00,62221.2039
2019-06-28 00:00:00,62221.2039
2019-06-29 00:00:00,62221.2039
2019-06-30 00:00:00,62221.2039
2019-07-01 00:00:00,62221.2039
2019-07-02 00:00:00,62221.2039
2019-07-03 00:00:00,62221.2039
2019-07-04 00:00:00,62250.2039
2019-07-05 00:00:00,62275.7039
2019-07-06 00:00:00,62297.50078
2019-07-07 00:00:00,62316.89922
2019-07-08 00:00:00,62325.10234
2019-07-09 00:00:00,62340.2039
2019-07-10 00:00:00,62346.29765
2019-07-11 00:00:00,62365.60234
2019-07-12 00:00:00,62382.89922
2019-07-13 00:00:00,62397.29765
2019-07-14 00:00:00,62406.60234
2019-07-15 00:00:00,62418.29765
2019-07-16 00:00:00,62428.39922
2019-07-17 00:00:00,62442.50078
2019-07-18 00:00:00,62458.39922
2019-07-19 00:00:00,62466.89922
2019-07-20 00:00:00,62481.89922
2019-07-21 00:00:00,62496.2039
2019-07-22 00:00:00,62500.2039
2019-07-23 00:00:00,62514.79765
2019-07-24 00:00:00,62528.50078
2019-07-25 00:00:00,62541.2039
2019-07-26 00:00:00,62553.50078
2019-07-27 00:00:00,62567.29765
2019-07-28 00:00:00,62581.89922
2019-07-29 00:00:00,62592.7039
2019-07-30 00:00:00,62600.7039
2019-07-31 00:00:00,62611.39922
2019-08-01 00:00:00,62619.7039
2019-08-02 00:00:00,62628.79765
2019-08-03 00:00:00,62638.29765
2019-08-04 00:00:00,62646.29765
2019-08-05 00:00:00,62658.29765
2019-08-06 00:00:00,62670.79765
2019-08-07 00:00:00,62680.89922
2019-08-08 00:00:00,62691.39922
2019-08-09 00:00:00,62699.50078
2019-08-10 00:00:00,62712.79765
2019-08-11 00:00:00,62721.79765
2019-08-12 00:00:00,62729.50078
2019-08-13 00:00:00,62736.79765
2019-08-14 00:00:00,62744.60234
2019-08-15 00:00:00,62753.2039
2019-08-16 00:00:00,62764.89922
2019-08-17 00:00:00,62772.50078
2019-08-18 00:00:00,62785.00078
2019-08-19 00:00:00,62794.7039
2019-08-20 00:00:00,62800.10234
2019-08-21 00:00:00,62804.79765
2019-08-22 00:00:00,62809.50078
2019-08-23 00:00:00,62818.50078
2019-08-24 00:00:00,62827.2039
2019-08-25 00:00:00,62837.60234
2019-08-26 00:00:00,62846.60234
2019-08-27 00:00:00,62856.60234
2019-08-28 00:00:00,62867.2039
2019-08-29 00:00:00,62876.7039
2019-08-30 00:00:00,62882.89922
2019-08-31 00:00:00,62889.7039
2019-09-01 00:00:00,62903.7039
2019-09-02 00:00:00,62910.89922
2019-09-03 00:00:00,62916.39922
2019-09-04 00:00:00,62924.60234
2019-09-05 00:00:00,62937.10234
2019-09-06 00:00:00,62942.10234
2019-09-07 00:00:00,62951.50078
2019-09-08 00:00:00,62959.7039
2019-09-09 00:00:00,62968.50078
2019-09-10 00:00:00,62979.10234
2019-09-11 00:00:00,62986.00078
2019-09-12 00:00:00,62994.00078
2019-09-13 00:00:00,62999.10234
2019-09-14 00:00:00,63002.60234
2019-09-15 00:00:00,63011.2039
2019-09-16 00:00:00,63023.60234
2019-09-17 00:00:00,63033.29765
2019-09-18 00:00:00,63041.10234
2019-09-19 00:00:00,63046.79765
2019-09-20 00:00:00,63053.00078
2019-09-21 00:00:00,63062.60234
2019-09-22 00:00:00,63076.89922
2019-09-23 00:00:00,63091.10234
2019-09-24 00:00:00,63097.7039
2019-09-25 00:00:00,63110.50078
2019-09-26 00:00:00,63122.79765
2019-09-27 00:00:00,63132.2039
2019-09-28 00:00:00,63142.10234
2019-09-29 00:00:00,63150.7039
2019-09-30 00:00:00,63166.50078
2019-10-01 00:00:00,63169.39922
2019-10-02 00:00:00,63182.2039
2019-10-03 00:00:00,63185.2039
2019-10-04 00:00:00,63191.50078
2019-10-05 00:00:00,63204.7039
2019-10-06 00:00:00,63207.89922
2019-10-07 00:00:00,63218.2039
2019-10-08 00:00:00,63226.00078
2019-10-09 00:00:00,63241.10234
2019-10-10 00:00:00,63250.2039
2019-10-11 00:00:00,63256.10234
2019-10-12 00:00:00,63266.60234
2019-10-13 00:00:00,63273.89922
2019-10-14 00:00:00,63284.00078
2019-10-15 00:00:00,63291.89922
2019-10-16 00:00:00,63301.89922
2019-10-17 00:00:00,63311.7039
2019-10-18 00:00:00,63319.89922
2019-10-19 00:00:00,63333.00078
2019-10-20 00:00:00,63344.00078
2019-10-21 00:00:00,63351.89922
2019-10-22 00:00:00,63359.7039
2019-10-23 00:00:00,63368.2039
2019-10-24 00:00:00,63384.89922
2019-10-25 00:00:00,63401.79765
2019-10-26 00:00:00,63413.29765
2019-10-27 00:00:00,63430.79765
2019-10-28 00:00:00,63440.79765
2019-10-29 00:00:00,63454.29765
2019-10-30 00:00:00,63467.39922
2019-10-31 00:00:00,63483.2039
2019-11-01 00:00:00,63502.89922
2019-11-02 00:00:00,63532.00078
2019-11-03 00:00:00,63559.29765
2019-11-04 00:00:00,63580.00078
2019-11-05 00:00:00,63598.10234
2019-11-06 00:00:00,63612.29765
2019-11-07 00:00:00,63627.79765
2019-11-08 00:00:00,63648.2039
2019-11-09 00:00:00,63662.39922
2019-11-10 00:00:00,63680.7039
2019-11-11 00:00:00,63694.50078
2019-11-12 00:00:00,63719.39922
2019-11-13 00:00:00,63741.10234
2019-11-14 00:00:00,63760.7039
2019-11-15 00:00:00,63780.89922
2019-11-16 00:00:00,63806.79765
2019-11-17 00:00:00,63834.79765
2019-11-18 00:00:00,63865.29765
2019-11-19 00:00:00,63900.50078
2019-11-20 00:00:00,63931.79765
2019-11-21 00:00:00,63967.2039
2019-11-22 00:00:00,64007.60234
2019-11-23 00:00:00,64046.50078
2019-11-24 00:00:00,64085.79765
2019-11-25 00:00:00,64121.2039
2019-11-26 00:00:00,64158.29765
2019-11-27 00:00:00,64199.39922
2019-11-28 00:00:00,64244.39922
2019-11-29 00:00:00,64280.79765
2019-11-30 00:00:00,64308.89922
2019-12-01 00:00:00,64339.10234
2019-12-02 00:00:00,64374.60234
2019-12-03 00:00:00,64410.50078
2019-12-04 00:00:00,64449.79765
2019-12-05 00:00:00,64491.7039
2019-12-06 00:00:00,64536.2039
2019-12-07 00:00:00,64586.10234
2019-12-08 00:00:00,64627.29765
2019-12-09 00:00:00,64678.10234
2019-12-10 00:00:00,64716.50078
2019-12-11 00:00:00,64756.79765
2019-12-12 00:00:00,64803.29765
2019-12-13 00:00:00,64850.60234
2019-12-14 00:00:00,64900.7039
2019-12-15 00:00:00,64941.2039
2019-12-16 00:00:00,64980.39922
2019-12-17 00:00:00,65020.7039
2019-12-18 00:00:00,65061.79765
2019-12-19 00:00:00,65096.50078
2019-12-20 00:00:00,65134.50078
2019-12-21 00:00:00,65179.50078
2019-12-22 00:00:00,65226.29765
2019-12-23 00:00:00,65267.50078
2019-12-24 00:00:00,65301.00078
2019-12-25 00:00:00,65341.10234
2019-12-26 00:00:00,65372.89922
2019-12-27 00:00:00,65411.2039
2019-12-28 00:00:00,65441.79765
2019-12-29 00:00:00,65475.50078
2019-12-30 00:00:00,65513.89922
2019-12-31 00:00:00,65550.29765
